runTimestamp,applicationId,candidateId,status,attachmentPresent,errorMessage
2026-08-27T07:02:14Z,545862,739902,SKIPPED_NO_RESUME,false,Candidate profile does not contain a valid resume attachment.
2026-08-27T07:02:14Z,545800,741852,SKIPPED_NO_RESUME,false,Candidate profile does not contain a valid resume attachment.
2026-08-27T07:02:14Z,545812,741654,SKIPPED_NO_RESUME,false,Candidate profile does not contain a valid resume attachment.
2026-08-27T07:02:14Z,545843,742329,SKIPPED_NO_RESUME,false,Candidate profile does not contain a valid resume attachment.
2026-08-27T07:02:14Z,545805,739833,SKIPPED_NO_RESUME,false,Candidate profile does not contain a valid resume attachment.
2026-08-27T07:02:14Z,545803,742930,SKIPPED_NO_RESUME,false,Candidate profile does not contain a valid resume attachment.
2026-08-27T07:02:14Z,547037,1103502,SKIPPED_NO_RESUME,false,Candidate profile does not contain a valid resume attachment.
2026-08-27T07:02:14Z,545841,740008,SKIPPED_NO_RESUME,false,Candidate profile does not contain a valid resume attachment.
2026-08-27T07:02:14Z,547039,1103453,SKIPPED_NO_RESUME,false,Candidate profile does not contain a valid resume attachment.
2026-08-27T07:02:14Z,545870,741893,SKIPPED_NO_RESUME,false,Candidate profile does not contain a valid resume attachment.
2026-08-27T07:02:14Z,546492,1104110,SUCCESS,true,DRY_RUN_SIMULATION
2026-08-27T07:02:14Z,546494,1104111,SUCCESS,true,DRY_RUN_SIMULATION
2026-08-27T07:02:14Z,546500,1104113,SUCCESS,true,DRY_RUN_SIMULATION
2026-08-27T07:02:14Z,546497,1104112,SUCCESS,true,DRY_RUN_SIMULATION
2026-08-27T07:02:14Z,546503,1104114,SUCCESS,true,DRY_RUN_SIMULATION
2026-08-27T07:02:14Z,546506,1104115,SUCCESS,true,DRY_RUN_SIMULATION
2026-08-27T07:02:14Z,546517,1104120,SUCCESS,true,DRY_RUN_SIMULATION
2026-08-27T07:02:14Z,546514,1104119,SUCCESS,true,DRY_RUN_SIMULATION
2026-08-27T07:02:14Z,546519,1104121,SUCCESS,true,DRY_RUN_SIMULATION
2026-08-27T07:02:14Z,546522,1104122,SUCCESS,true,DRY_RUN_SIMULATION
2026-08-27T07:02:14Z,546528,1104124,SUCCESS,true,DRY_RUN_SIMULATION
2026-08-27T07:02:14Z,546525,1104123,SUCCESS,true,DRY_RUN_SIMULATION
2026-08-27T07:02:14Z,546530,1104125,SUCCESS,true,DRY_RUN_SIMULATION
2026-08-27T07:02:14Z,546534,1104126,SUCCESS,true,DRY_RUN_SIMULATION
2026-08-27T07:02:14Z,546537,1104127,SUCCESS,true,DRY_RUN_SIMULATION
2026-08-27T07:02:14Z,546539,1104128,SUCCESS,true,DRY_RUN_SIMULATION
2026-08-27T07:02:14Z,546543,1104129,SUCCESS,true,DRY_RUN_SIMULATION
2026-08-27T07:02:14Z,546547,1104130,SUCCESS,true,DRY_RUN_SIMULATION
2026-08-27T07:02:14Z,546550,1104131,SUCCESS,true,DRY_RUN_SIMULATION
2026-08-27T07:02:14Z,546554,1104132,SUCCESS,true,DRY_RUN_SIMULATION
2026-08-27T07:02:14Z,546558,1104133,SUCCESS,true,DRY_RUN_SIMULATION
2026-08-27T07:02:14Z,546562,1104134,SUCCESS,true,DRY_RUN_SIMULATION
2026-08-27T07:02:14Z,546564,1104135,SUCCESS,true,DRY_RUN_SIMULATION
2026-08-27T07:02:14Z,546568,1104136,SUCCESS,true,DRY_RUN_SIMULATION
2026-08-27T07:02:14Z,546576,1104138,SUCCESS,true,DRY_RUN_SIMULATION
2026-08-27T07:02:14Z,546572,1104137,SUCCESS,true,DRY_RUN_SIMULATION
2026-08-27T07:02:14Z,546580,1104139,SUCCESS,true,DRY_RUN_SIMULATION
2026-08-27T07:02:14Z,546583,1104140,SUCCESS,true,DRY_RUN_SIMULATION
2026-08-27T07:02:14Z,546586,1104141,SUCCESS,true,DRY_RUN_SIMULATION
2026-08-27T07:02:14Z,546590,1104142,SUCCESS,true,DRY_RUN_SIMULATION
2026-08-27T07:02:14Z,546594,1104143,SUCCESS,true,DRY_RUN_SIMULATION
2026-08-27T07:02:14Z,546597,1104144,SUCCESS,true,DRY_RUN_SIMULATION
2026-08-27T07:02:14Z,546600,1104145,SUCCESS,true,DRY_RUN_SIMULATION
2026-08-27T07:02:14Z,546603,1104146,SUCCESS,true,DRY_RUN_SIMULATION
2026-08-27T07:02:14Z,546606,1104147,SUCCESS,true,DRY_RUN_SIMULATION
2026-08-27T07:02:14Z,546610,1104148,SUCCESS,true,DRY_RUN_SIMULATION
2026-08-27T07:02:14Z,546613,1104149,SUCCESS,true,DRY_RUN_SIMULATION
2026-08-27T07:02:14Z,546616,1104150,SUCCESS,true,DRY_RUN_SIMULATION
2026-08-27T07:02:14Z,546619,1104151,SUCCESS,true,DRY_RUN_SIMULATION
2026-08-27T07:02:14Z,546623,1104152,SUCCESS,true,DRY_RUN_SIMULATION
2026-08-27T07:02:14Z,546626,1104153,SUCCESS,true,DRY_RUN_SIMULATION
2026-08-27T07:02:14Z,546629,1104154,SUCCESS,true,DRY_RUN_SIMULATION
2026-08-27T07:02:14Z,546632,1104155,SUCCESS,true,DRY_RUN_SIMULATION
2026-08-27T07:02:14Z,546636,1104156,SUCCESS,true,DRY_RUN_SIMULATION
2026-08-27T07:02:14Z,546639,1104157,SUCCESS,true,DRY_RUN_SIMULATION
2026-08-27T07:02:14Z,546641,1104158,SUCCESS,true,DRY_RUN_SIMULATION
2026-08-27T07:02:14Z,546646,1104159,SUCCESS,true,DRY_RUN_SIMULATION
2026-08-27T07:02:14Z,546649,1104160,SUCCESS,true,DRY_RUN_SIMULATION
2026-08-27T07:02:14Z,546652,1104161,SUCCESS,true,DRY_RUN_SIMULATION
2026-08-27T07:02:14Z,546655,1104162,SUCCESS,true,DRY_RUN_SIMULATION
2026-08-27T07:02:14Z,546658,1104163,SUCCESS,true,DRY_RUN_SIMULATION
2026-08-27T07:02:14Z,546660,1104164,SUCCESS,true,DRY_RUN_SIMULATION
2026-08-27T07:02:14Z,546663,1104165,SUCCESS,true,DRY_RUN_SIMULATION
2026-08-27T07:02:14Z,546667,1104166,SUCCESS,true,DRY_RUN_SIMULATION
2026-08-27T07:02:14Z,546670,1104167,SUCCESS,true,DRY_RUN_SIMULATION
2026-08-27T07:02:14Z,546473,1104079,SUCCESS,true,DRY_RUN_SIMULATION
2026-08-27T07:02:14Z,546470,1104078,SUCCESS,true,DRY_RUN_SIMULATION
2026-08-27T07:02:14Z,546475,1104080,SUCCESS,true,DRY_RUN_SIMULATION
2026-08-27T07:02:14Z,546477,1104081,SUCCESS,true,DRY_RUN_SIMULATION
2026-08-27T07:02:14Z,546480,1104083,SUCCESS,true,DRY_RUN_SIMULATION
2026-08-27T07:02:14Z,546479,1104082,SUCCESS,true,DRY_RUN_SIMULATION
2026-08-27T07:02:14Z,546483,1104085,SUCCESS,true,DRY_RUN_SIMULATION
2026-08-27T07:02:14Z,546487,1104087,SUCCESS,true,DRY_RUN_SIMULATION
2026-08-27T07:02:14Z,546482,1104084,SUCCESS,true,DRY_RUN_SIMULATION
2026-08-27T07:02:14Z,546488,1104088,SUCCESS,true,DRY_RUN_SIMULATION
2026-08-27T07:02:14Z,546485,1104086,SUCCESS,true,DRY_RUN_SIMULATION
2026-08-27T07:02:14Z,546491,1104090,SUCCESS,true,DRY_RUN_SIMULATION
2026-08-27T07:02:14Z,546490,1104089,SUCCESS,true,DRY_RUN_SIMULATION
2026-08-27T07:02:14Z,546493,1104091,SUCCESS,true,DRY_RUN_SIMULATION
2026-08-27T07:02:14Z,546496,1104093,SUCCESS,true,DRY_RUN_SIMULATION
2026-08-27T07:02:14Z,546495,1104092,SUCCESS,true,DRY_RUN_SIMULATION
2026-08-27T07:02:14Z,546498,1104094,SUCCESS,true,DRY_RUN_SIMULATION
2026-08-27T07:02:14Z,546499,1104095,SUCCESS,true,DRY_RUN_SIMULATION
2026-08-27T07:02:14Z,546501,1104096,SUCCESS,true,DRY_RUN_SIMULATION
2026-08-27T07:02:14Z,546502,1104097,SUCCESS,true,DRY_RUN_SIMULATION
2026-08-27T07:02:14Z,546504,1104098,SUCCESS,true,DRY_RUN_SIMULATION
2026-08-27T07:02:14Z,546505,1104099,SUCCESS,true,DRY_RUN_SIMULATION
2026-08-27T07:02:14Z,546509,1104101,SUCCESS,true,DRY_RUN_SIMULATION
2026-08-27T07:02:14Z,546507,1104100,SUCCESS,true,DRY_RUN_SIMULATION
2026-08-27T07:02:14Z,546510,1104102,SUCCESS,true,DRY_RUN_SIMULATION
2026-08-27T07:02:14Z,546512,1104103,SUCCESS,true,DRY_RUN_SIMULATION
2026-08-27T07:02:14Z,546584,1104140,SUCCESS,true,DRY_RUN_SIMULATION
2026-08-27T07:02:14Z,546587,1104141,SUCCESS,true,DRY_RUN_SIMULATION
2026-08-27T07:02:14Z,546513,1104104,SUCCESS,true,DRY_RUN_SIMULATION
2026-08-27T07:02:14Z,546515,1104105,SUCCESS,true,DRY_RUN_SIMULATION
2026-08-27T07:02:14Z,546589,1104142,SUCCESS,true,DRY_RUN_SIMULATION
2026-08-27T07:02:14Z,546593,1104143,SUCCESS,true,DRY_RUN_SIMULATION
2026-08-27T07:02:14Z,546596,1104144,SUCCESS,true,DRY_RUN_SIMULATION
2026-08-27T07:02:14Z,546599,1104145,SUCCESS,true,DRY_RUN_SIMULATION
2026-08-27T07:02:14Z,546602,1104146,SUCCESS,true,DRY_RUN_SIMULATION
2026-08-27T07:02:14Z,546609,1104148,SUCCESS,true,DRY_RUN_SIMULATION
2026-08-27T07:02:14Z,546605,1104147,SUCCESS,true,DRY_RUN_SIMULATION
2026-08-27T07:02:14Z,546612,1104149,SUCCESS,true,DRY_RUN_SIMULATION
2026-08-27T07:02:14Z,546615,1104150,SUCCESS,true,DRY_RUN_SIMULATION
2026-08-27T07:02:14Z,546618,1104151,SUCCESS,true,DRY_RUN_SIMULATION
2026-08-27T07:02:14Z,546622,1104152,SUCCESS,true,DRY_RUN_SIMULATION
2026-08-27T07:02:14Z,546625,1104153,SUCCESS,true,DRY_RUN_SIMULATION
2026-08-27T07:02:14Z,546628,1104154,SUCCESS,true,DRY_RUN_SIMULATION
2026-08-27T07:02:14Z,546631,1104155,SUCCESS,true,DRY_RUN_SIMULATION
2026-08-27T07:02:14Z,546634,1104156,SUCCESS,true,DRY_RUN_SIMULATION
2026-08-27T07:02:14Z,546638,1104157,SUCCESS,true,DRY_RUN_SIMULATION
2026-08-27T07:02:14Z,546642,1104158,SUCCESS,true,DRY_RUN_SIMULATION
2026-08-27T07:02:14Z,546516,1104106,SUCCESS,true,DRY_RUN_SIMULATION
2026-08-27T07:02:14Z,546645,1104159,SUCCESS,true,DRY_RUN_SIMULATION
2026-08-27T07:02:14Z,546648,1104160,SUCCESS,true,DRY_RUN_SIMULATION
2026-08-27T07:02:14Z,546651,1104161,SUCCESS,true,DRY_RUN_SIMULATION
2026-08-27T07:02:14Z,546654,1104162,SUCCESS,true,DRY_RUN_SIMULATION
2026-08-27T07:02:14Z,546661,1104164,SUCCESS,true,DRY_RUN_SIMULATION
2026-08-27T07:02:14Z,546657,1104163,SUCCESS,true,DRY_RUN_SIMULATION
2026-08-27T07:02:14Z,546664,1104165,SUCCESS,true,DRY_RUN_SIMULATION
2026-08-27T07:02:14Z,546666,1104166,SUCCESS,true,DRY_RUN_SIMULATION
2026-08-27T07:02:14Z,546532,1104078,SUCCESS,true,DRY_RUN_SIMULATION
2026-08-27T07:02:14Z,546669,1104167,SUCCESS,true,DRY_RUN_SIMULATION
2026-08-27T07:02:14Z,546541,1104079,SUCCESS,true,DRY_RUN_SIMULATION
2026-08-27T07:02:14Z,546545,1104080,SUCCESS,true,DRY_RUN_SIMULATION
2026-08-27T07:02:14Z,546548,1104081,SUCCESS,true,DRY_RUN_SIMULATION
2026-08-27T07:02:14Z,546552,1104082,SUCCESS,true,DRY_RUN_SIMULATION
2026-08-27T07:02:14Z,546556,1104083,SUCCESS,true,DRY_RUN_SIMULATION
2026-08-27T07:02:14Z,546560,1104084,SUCCESS,true,DRY_RUN_SIMULATION
2026-08-27T07:02:14Z,546566,1104085,SUCCESS,true,DRY_RUN_SIMULATION
2026-08-27T07:02:14Z,546570,1104086,SUCCESS,true,DRY_RUN_SIMULATION
2026-08-27T07:02:14Z,546573,1104087,SUCCESS,true,DRY_RUN_SIMULATION
2026-08-27T07:02:14Z,546575,1104088,SUCCESS,true,DRY_RUN_SIMULATION
2026-08-27T07:02:14Z,546578,1104089,SUCCESS,true,DRY_RUN_SIMULATION
2026-08-27T07:02:14Z,546581,1104090,SUCCESS,true,DRY_RUN_SIMULATION
2026-08-27T07:02:14Z,546582,1104091,SUCCESS,true,DRY_RUN_SIMULATION
2026-08-27T07:02:14Z,546585,1104092,SUCCESS,true,DRY_RUN_SIMULATION
2026-08-27T07:02:14Z,546591,1104094,SUCCESS,true,DRY_RUN_SIMULATION
2026-08-27T07:02:14Z,546588,1104093,SUCCESS,true,DRY_RUN_SIMULATION
2026-08-27T07:02:14Z,546592,1104095,SUCCESS,true,DRY_RUN_SIMULATION
2026-08-27T07:02:14Z,546595,1104096,SUCCESS,true,DRY_RUN_SIMULATION
2026-08-27T07:02:14Z,546598,1104097,SUCCESS,true,DRY_RUN_SIMULATION
2026-08-27T07:02:14Z,546601,1104098,SUCCESS,true,DRY_RUN_SIMULATION
2026-08-27T07:02:14Z,546604,1104099,SUCCESS,true,DRY_RUN_SIMULATION
2026-08-27T07:02:14Z,546607,1104100,SUCCESS,true,DRY_RUN_SIMULATION
2026-08-27T07:02:14Z,546611,1104102,SUCCESS,true,DRY_RUN_SIMULATION
2026-08-27T07:02:14Z,546608,1104101,SUCCESS,true,DRY_RUN_SIMULATION
2026-08-27T07:02:14Z,546614,1104103,SUCCESS,true,DRY_RUN_SIMULATION
2026-08-27T07:02:14Z,546617,1104104,SUCCESS,true,DRY_RUN_SIMULATION
2026-08-27T07:02:14Z,546620,1104105,SUCCESS,true,DRY_RUN_SIMULATION
2026-08-27T07:02:14Z,546621,1104106,SUCCESS,true,DRY_RUN_SIMULATION
2026-08-27T07:02:14Z,546633,1104110,SUCCESS,true,DRY_RUN_SIMULATION
2026-08-27T07:02:14Z,546635,1104111,SUCCESS,true,DRY_RUN_SIMULATION
2026-08-27T07:02:14Z,546637,1104112,SUCCESS,true,DRY_RUN_SIMULATION
2026-08-27T07:02:14Z,546640,1104113,SUCCESS,true,DRY_RUN_SIMULATION
2026-08-27T07:02:14Z,546643,1104114,SUCCESS,true,DRY_RUN_SIMULATION
2026-08-27T07:02:14Z,546644,1104115,SUCCESS,true,DRY_RUN_SIMULATION
2026-08-27T07:02:14Z,546653,1104119,SUCCESS,true,DRY_RUN_SIMULATION
2026-08-27T07:02:14Z,546656,1104120,SUCCESS,true,DRY_RUN_SIMULATION
2026-08-27T07:02:14Z,546627,1104108,SUCCESS,true,DRY_RUN_SIMULATION
2026-08-27T07:02:14Z,546659,1104121,SUCCESS,true,DRY_RUN_SIMULATION
2026-08-27T07:02:14Z,546662,1104122,SUCCESS,true,DRY_RUN_SIMULATION
2026-08-27T07:02:14Z,546630,1104109,SUCCESS,true,DRY_RUN_SIMULATION
2026-08-27T07:02:14Z,546624,1104107,SUCCESS,true,DRY_RUN_SIMULATION
2026-08-27T07:02:14Z,546665,1104123,SUCCESS,true,DRY_RUN_SIMULATION
2026-08-27T07:02:14Z,546668,1104124,SUCCESS,true,DRY_RUN_SIMULATION
2026-08-27T07:02:14Z,546671,1104125,SUCCESS,true,DRY_RUN_SIMULATION
2026-08-27T07:02:14Z,546672,1104126,SUCCESS,true,DRY_RUN_SIMULATION
2026-08-27T07:02:14Z,546673,1104127,SUCCESS,true,DRY_RUN_SIMULATION
2026-08-27T07:02:14Z,546674,1104128,SUCCESS,true,DRY_RUN_SIMULATION
2026-08-27T07:02:14Z,546675,1104129,SUCCESS,true,DRY_RUN_SIMULATION
2026-08-27T07:02:14Z,546676,1104130,SUCCESS,true,DRY_RUN_SIMULATION
2026-08-27T07:02:14Z,546677,1104131,SUCCESS,true,DRY_RUN_SIMULATION
2026-08-27T07:02:14Z,546678,1104132,SUCCESS,true,DRY_RUN_SIMULATION
2026-08-27T07:02:14Z,546679,1104133,SUCCESS,true,DRY_RUN_SIMULATION
2026-08-27T07:02:14Z,546680,1104134,SUCCESS,true,DRY_RUN_SIMULATION
2026-08-27T07:02:14Z,546681,1104135,SUCCESS,true,DRY_RUN_SIMULATION
2026-08-27T07:02:14Z,546683,1104137,SUCCESS,true,DRY_RUN_SIMULATION
2026-08-27T07:02:14Z,546682,1104136,SUCCESS,true,DRY_RUN_SIMULATION
2026-08-27T07:02:14Z,546684,1104138,SUCCESS,true,DRY_RUN_SIMULATION
2026-08-27T07:02:14Z,546685,1104139,SUCCESS,true,DRY_RUN_SIMULATION
2026-08-27T07:02:14Z,546686,1104140,SUCCESS,true,DRY_RUN_SIMULATION
2026-08-27T07:02:14Z,546687,1104141,SUCCESS,true,DRY_RUN_SIMULATION
2026-08-27T07:02:14Z,546688,1104142,SUCCESS,true,DRY_RUN_SIMULATION
2026-08-27T07:02:14Z,546689,1104143,SUCCESS,true,DRY_RUN_SIMULATION
2026-08-27T07:02:14Z,546690,1104144,SUCCESS,true,DRY_RUN_SIMULATION
2026-08-27T07:02:14Z,546691,1104145,SUCCESS,true,DRY_RUN_SIMULATION
2026-08-27T07:02:14Z,546692,1104146,SUCCESS,true,DRY_RUN_SIMULATION
2026-08-27T07:02:14Z,546693,1104147,SUCCESS,true,DRY_RUN_SIMULATION
2026-08-27T07:02:14Z,546694,1104148,SUCCESS,true,DRY_RUN_SIMULATION
2026-08-27T07:02:14Z,546695,1104149,SUCCESS,true,DRY_RUN_SIMULATION
2026-08-27T07:02:14Z,546696,1104150,SUCCESS,true,DRY_RUN_SIMULATION
2026-08-27T07:02:14Z,546698,1104152,SUCCESS,true,DRY_RUN_SIMULATION
2026-08-27T07:02:14Z,546697,1104151,SUCCESS,true,DRY_RUN_SIMULATION
2026-08-27T07:02:14Z,546699,1104153,SUCCESS,true,DRY_RUN_SIMULATION
2026-08-27T07:02:14Z,546700,1104154,SUCCESS,true,DRY_RUN_SIMULATION
2026-08-27T07:02:14Z,546703,1104157,SUCCESS,true,DRY_RUN_SIMULATION
2026-08-27T07:02:14Z,546701,1104155,SUCCESS,true,DRY_RUN_SIMULATION
2026-08-27T07:02:14Z,546702,1104156,SUCCESS,true,DRY_RUN_SIMULATION
2026-08-27T07:02:14Z,546704,1104158,SUCCESS,true,DRY_RUN_SIMULATION
2026-08-27T07:02:14Z,546705,1104159,SUCCESS,true,DRY_RUN_SIMULATION
2026-08-27T07:02:14Z,546706,1104160,SUCCESS,true,DRY_RUN_SIMULATION
2026-08-27T07:02:14Z,546707,1104161,SUCCESS,true,DRY_RUN_SIMULATION
2026-08-27T07:02:14Z,546708,1104162,SUCCESS,true,DRY_RUN_SIMULATION
2026-08-27T07:02:14Z,546711,1104165,SUCCESS,true,DRY_RUN_SIMULATION
2026-08-27T07:02:14Z,546710,1104164,SUCCESS,true,DRY_RUN_SIMULATION
2026-08-27T07:02:14Z,546709,1104163,SUCCESS,true,DRY_RUN_SIMULATION
2026-08-27T07:02:14Z,546712,1104166,SUCCESS,true,DRY_RUN_SIMULATION
2026-08-27T07:02:14Z,546713,1104167,SUCCESS,true,DRY_RUN_SIMULATION
2026-08-27T07:02:14Z,546448,1104079,SUCCESS,true,DRY_RUN_SIMULATION
2026-08-27T07:02:14Z,546447,1104078,SUCCESS,true,DRY_RUN_SIMULATION
2026-08-27T07:02:14Z,546449,1104080,SUCCESS,true,DRY_RUN_SIMULATION
2026-08-27T07:02:14Z,546451,1104082,SUCCESS,true,DRY_RUN_SIMULATION
2026-08-27T07:02:14Z,546450,1104081,SUCCESS,true,DRY_RUN_SIMULATION
2026-08-27T07:02:14Z,546452,1104083,SUCCESS,true,DRY_RUN_SIMULATION
2026-08-27T07:02:14Z,546453,1104084,SUCCESS,true,DRY_RUN_SIMULATION
2026-08-27T07:02:14Z,546454,1104085,SUCCESS,true,DRY_RUN_SIMULATION
2026-08-27T07:02:14Z,546456,1104087,SUCCESS,true,DRY_RUN_SIMULATION
2026-08-27T07:02:14Z,546455,1104086,SUCCESS,true,DRY_RUN_SIMULATION
2026-08-27T07:02:14Z,546457,1104088,SUCCESS,true,DRY_RUN_SIMULATION
2026-08-27T07:02:14Z,546458,1104089,SUCCESS,true,DRY_RUN_SIMULATION
2026-08-27T07:02:14Z,546460,1104091,SUCCESS,true,DRY_RUN_SIMULATION
2026-08-27T07:02:14Z,546459,1104090,SUCCESS,true,DRY_RUN_SIMULATION
2026-08-27T07:02:14Z,546461,1104092,SUCCESS,true,DRY_RUN_SIMULATION
2026-08-27T07:02:14Z,546462,1104093,SUCCESS,true,DRY_RUN_SIMULATION
2026-08-27T07:02:14Z,546464,1104095,SUCCESS,true,DRY_RUN_SIMULATION
2026-08-27T07:02:14Z,546463,1104094,SUCCESS,true,DRY_RUN_SIMULATION
2026-08-27T07:02:14Z,546465,1104096,SUCCESS,true,DRY_RUN_SIMULATION
2026-08-27T07:02:14Z,546466,1104097,SUCCESS,true,DRY_RUN_SIMULATION
2026-08-27T07:02:14Z,546468,1104099,SUCCESS,true,DRY_RUN_SIMULATION
2026-08-27T07:02:14Z,546467,1104098,SUCCESS,true,DRY_RUN_SIMULATION
2026-08-27T07:02:14Z,546469,1104100,SUCCESS,true,DRY_RUN_SIMULATION
2026-08-27T07:02:14Z,546472,1104102,SUCCESS,true,DRY_RUN_SIMULATION
2026-08-27T07:02:14Z,546474,1104103,SUCCESS,true,DRY_RUN_SIMULATION
2026-08-27T07:02:14Z,546471,1104101,SUCCESS,true,DRY_RUN_SIMULATION
2026-08-27T07:02:14Z,546476,1104104,SUCCESS,true,DRY_RUN_SIMULATION
2026-08-27T07:02:14Z,546484,1104107,SUCCESS,true,DRY_RUN_SIMULATION
2026-08-27T07:02:14Z,546481,1104106,SUCCESS,true,DRY_RUN_SIMULATION
2026-08-27T07:02:14Z,546478,1104105,SUCCESS,true,DRY_RUN_SIMULATION
2026-08-27T07:02:14Z,546486,1104108,SUCCESS,true,DRY_RUN_SIMULATION
2026-08-27T07:02:14Z,546520,1104108,SUCCESS,true,DRY_RUN_SIMULATION
2026-08-27T07:02:14Z,546518,1104107,SUCCESS,true,DRY_RUN_SIMULATION
2026-08-27T07:02:14Z,546489,1104109,SUCCESS,true,DRY_RUN_SIMULATION
2026-08-27T07:02:14Z,546521,1104109,SUCCESS,true,DRY_RUN_SIMULATION
2026-08-27T07:02:14Z,546526,1104112,SUCCESS,true,DRY_RUN_SIMULATION
2026-08-27T07:02:14Z,546523,1104110,SUCCESS,true,DRY_RUN_SIMULATION
2026-08-27T07:02:14Z,546524,1104111,SUCCESS,true,DRY_RUN_SIMULATION
2026-08-27T07:02:14Z,546527,1104113,SUCCESS,true,DRY_RUN_SIMULATION
2026-08-27T07:02:14Z,546531,1104115,SUCCESS,true,DRY_RUN_SIMULATION
2026-08-27T07:02:14Z,546536,1104119,SUCCESS,true,DRY_RUN_SIMULATION
2026-08-27T07:02:14Z,546529,1104114,SUCCESS,true,DRY_RUN_SIMULATION
2026-08-27T07:02:14Z,546538,1104120,SUCCESS,true,DRY_RUN_SIMULATION
2026-08-27T07:02:14Z,546542,1104122,SUCCESS,true,DRY_RUN_SIMULATION
2026-08-27T07:02:14Z,546540,1104121,SUCCESS,true,DRY_RUN_SIMULATION
2026-08-27T07:02:14Z,546544,1104123,SUCCESS,true,DRY_RUN_SIMULATION
2026-08-27T07:02:14Z,546546,1104124,SUCCESS,true,DRY_RUN_SIMULATION
2026-08-27T07:02:14Z,546549,1104125,SUCCESS,true,DRY_RUN_SIMULATION
2026-08-27T07:02:14Z,546553,1104127,SUCCESS,true,DRY_RUN_SIMULATION
2026-08-27T07:02:14Z,546551,1104126,SUCCESS,true,DRY_RUN_SIMULATION
2026-08-27T07:02:14Z,546555,1104128,SUCCESS,true,DRY_RUN_SIMULATION
2026-08-27T07:02:14Z,546559,1104130,SUCCESS,true,DRY_RUN_SIMULATION
2026-08-27T07:02:14Z,546561,1104131,SUCCESS,true,DRY_RUN_SIMULATION
2026-08-27T07:02:14Z,546557,1104129,SUCCESS,true,DRY_RUN_SIMULATION
2026-08-27T07:02:14Z,546563,1104132,SUCCESS,true,DRY_RUN_SIMULATION
2026-08-27T07:02:14Z,546567,1104134,SUCCESS,true,DRY_RUN_SIMULATION
2026-08-27T07:02:14Z,546569,1104135,SUCCESS,true,DRY_RUN_SIMULATION
2026-08-27T07:02:14Z,546565,1104133,SUCCESS,true,DRY_RUN_SIMULATION
2026-08-27T07:02:14Z,546571,1104136,SUCCESS,true,DRY_RUN_SIMULATION
2026-08-27T07:02:14Z,546577,1104138,SUCCESS,true,DRY_RUN_SIMULATION
2026-08-27T07:02:14Z,546579,1104139,SUCCESS,true,DRY_RUN_SIMULATION
2026-08-27T07:02:14Z,546574,1104137,SUCCESS,true,DRY_RUN_SIMULATION
2026-08-27T07:02:14Z,547054,1104090,SUCCESS,true,DRY_RUN_SIMULATION
2026-08-27T07:02:14Z,547053,1104089,SUCCESS,true,DRY_RUN_SIMULATION
2026-08-27T07:02:14Z,547055,1104091,SUCCESS,true,DRY_RUN_SIMULATION
2026-08-27T07:02:14Z,547058,1104094,SUCCESS,true,DRY_RUN_SIMULATION
2026-08-27T07:02:14Z,547057,1104093,SUCCESS,true,DRY_RUN_SIMULATION
2026-08-27T07:02:14Z,547056,1104092,SUCCESS,true,DRY_RUN_SIMULATION
2026-08-27T07:02:14Z,547060,1104096,SUCCESS,true,DRY_RUN_SIMULATION
2026-08-27T07:02:14Z,547061,1104097,SUCCESS,true,DRY_RUN_SIMULATION
2026-08-27T07:02:14Z,547059,1104095,SUCCESS,true,DRY_RUN_SIMULATION
2026-08-27T07:02:14Z,547062,1104098,SUCCESS,true,DRY_RUN_SIMULATION
2026-08-27T07:02:14Z,547063,1104099,SUCCESS,true,DRY_RUN_SIMULATION
2026-08-27T07:02:14Z,547064,1104100,SUCCESS,true,DRY_RUN_SIMULATION
2026-08-27T07:02:14Z,547065,1104101,SUCCESS,true,DRY_RUN_SIMULATION
2026-08-27T07:02:14Z,547067,1104103,SUCCESS,true,DRY_RUN_SIMULATION
2026-08-27T07:02:14Z,547066,1104102,SUCCESS,true,DRY_RUN_SIMULATION
2026-08-27T07:02:14Z,547068,1104104,SUCCESS,true,DRY_RUN_SIMULATION
2026-08-27T07:02:14Z,547069,1104105,SUCCESS,true,DRY_RUN_SIMULATION
2026-08-27T07:02:14Z,547035,1103722,SUCCESS,true,DRY_RUN_SIMULATION
2026-08-27T07:02:14Z,547070,1104106,SUCCESS,true,DRY_RUN_SIMULATION
2026-08-27T07:02:14Z,547072,1104108,SUCCESS,true,DRY_RUN_SIMULATION
2026-08-27T07:02:14Z,547071,1104107,SUCCESS,true,DRY_RUN_SIMULATION
2026-08-27T07:02:14Z,547073,1104109,SUCCESS,true,DRY_RUN_SIMULATION
2026-08-27T07:02:14Z,547074,1104110,SUCCESS,true,DRY_RUN_SIMULATION
2026-08-27T07:02:14Z,547076,1104112,SUCCESS,true,DRY_RUN_SIMULATION
2026-08-27T07:02:14Z,547077,1104113,SUCCESS,true,DRY_RUN_SIMULATION
2026-08-27T07:02:14Z,547075,1104111,SUCCESS,true,DRY_RUN_SIMULATION
2026-08-27T07:02:14Z,547078,1104114,SUCCESS,true,DRY_RUN_SIMULATION
2026-08-27T07:02:14Z,547082,1104119,SUCCESS,true,DRY_RUN_SIMULATION
2026-08-27T07:02:14Z,547079,1104115,SUCCESS,true,DRY_RUN_SIMULATION
2026-08-27T07:02:14Z,547083,1104120,SUCCESS,true,DRY_RUN_SIMULATION
2026-08-27T07:02:14Z,547084,1104121,SUCCESS,true,DRY_RUN_SIMULATION
2026-08-27T07:02:14Z,547086,1104123,SUCCESS,true,DRY_RUN_SIMULATION
2026-08-27T07:02:14Z,547088,1104125,SUCCESS,true,DRY_RUN_SIMULATION
2026-08-27T07:02:14Z,547087,1104124,SUCCESS,true,DRY_RUN_SIMULATION
2026-08-27T07:02:14Z,547085,1104122,SUCCESS,true,DRY_RUN_SIMULATION
2026-08-27T07:02:14Z,547089,1104126,SUCCESS,true,DRY_RUN_SIMULATION
2026-08-27T07:02:14Z,547090,1104127,SUCCESS,true,DRY_RUN_SIMULATION
2026-08-27T07:02:14Z,547091,1104128,SUCCESS,true,DRY_RUN_SIMULATION
2026-08-27T07:02:14Z,547092,1104129,SUCCESS,true,DRY_RUN_SIMULATION
2026-08-27T07:02:14Z,547094,1104131,SUCCESS,true,DRY_RUN_SIMULATION
2026-08-27T07:02:14Z,547093,1104130,SUCCESS,true,DRY_RUN_SIMULATION
2026-08-27T07:02:14Z,547095,1104132,SUCCESS,true,DRY_RUN_SIMULATION
2026-08-27T07:02:14Z,547096,1104133,SUCCESS,true,DRY_RUN_SIMULATION
2026-08-27T07:02:14Z,547097,1104134,SUCCESS,true,DRY_RUN_SIMULATION
2026-08-27T07:02:14Z,547098,1104135,SUCCESS,true,DRY_RUN_SIMULATION
2026-08-27T07:02:14Z,547099,1104136,SUCCESS,true,DRY_RUN_SIMULATION
2026-08-27T07:02:14Z,547100,1104137,SUCCESS,true,DRY_RUN_SIMULATION
2026-08-27T07:02:14Z,547101,1104138,SUCCESS,true,DRY_RUN_SIMULATION
2026-08-27T07:02:14Z,547103,1104140,SUCCESS,true,DRY_RUN_SIMULATION
2026-08-27T07:02:14Z,547102,1104139,SUCCESS,true,DRY_RUN_SIMULATION
2026-08-27T07:02:14Z,547104,1104141,SUCCESS,true,DRY_RUN_SIMULATION
2026-08-27T07:02:14Z,547105,1104142,SUCCESS,true,DRY_RUN_SIMULATION
2026-08-27T07:02:14Z,547106,1104143,SUCCESS,true,DRY_RUN_SIMULATION
2026-08-27T07:02:14Z,547107,1104144,SUCCESS,true,DRY_RUN_SIMULATION
2026-08-27T07:02:14Z,547108,1104145,SUCCESS,true,DRY_RUN_SIMULATION
2026-08-27T07:02:14Z,547109,1104146,SUCCESS,true,DRY_RUN_SIMULATION
2026-08-27T07:02:14Z,547110,1104147,SUCCESS,true,DRY_RUN_SIMULATION
2026-08-27T07:02:14Z,547111,1104148,SUCCESS,true,DRY_RUN_SIMULATION
2026-08-27T07:02:14Z,547112,1104149,SUCCESS,true,DRY_RUN_SIMULATION
2026-08-27T07:02:14Z,547113,1104150,SUCCESS,true,DRY_RUN_SIMULATION
2026-08-27T07:02:14Z,547114,1104151,SUCCESS,true,DRY_RUN_SIMULATION
2026-08-27T07:02:14Z,547115,1104152,SUCCESS,true,DRY_RUN_SIMULATION
2026-08-27T07:02:14Z,547116,1104153,SUCCESS,true,DRY_RUN_SIMULATION
2026-08-27T07:02:14Z,547117,1104154,SUCCESS,true,DRY_RUN_SIMULATION
2026-08-27T07:02:14Z,547118,1104155,SUCCESS,true,DRY_RUN_SIMULATION
2026-08-27T07:02:14Z,547119,1104156,SUCCESS,true,DRY_RUN_SIMULATION
2026-08-27T07:02:14Z,547120,1104157,SUCCESS,true,DRY_RUN_SIMULATION
2026-08-27T07:02:14Z,547121,1104158,SUCCESS,true,DRY_RUN_SIMULATION
2026-08-27T07:02:14Z,547123,1104160,SUCCESS,true,DRY_RUN_SIMULATION
2026-08-27T07:02:14Z,547122,1104159,SUCCESS,true,DRY_RUN_SIMULATION
2026-08-27T07:02:14Z,547124,1104161,SUCCESS,true,DRY_RUN_SIMULATION
2026-08-27T07:02:14Z,547128,1104165,SUCCESS,true,DRY_RUN_SIMULATION
2026-08-27T07:02:14Z,547127,1104164,SUCCESS,true,DRY_RUN_SIMULATION
2026-08-27T07:02:14Z,547126,1104163,SUCCESS,true,DRY_RUN_SIMULATION
2026-08-27T07:02:14Z,547125,1104162,SUCCESS,true,DRY_RUN_SIMULATION
2026-08-27T07:02:14Z,547130,1104167,SUCCESS,true,DRY_RUN_SIMULATION
2026-08-27T07:02:14Z,547129,1104166,SUCCESS,true,DRY_RUN_SIMULATION
2026-08-27T07:02:14Z,547043,1104078,SUCCESS,true,DRY_RUN_SIMULATION
2026-08-27T07:02:14Z,547045,1104081,SUCCESS,true,DRY_RUN_SIMULATION
2026-08-27T07:02:14Z,547051,1104087,SUCCESS,true,DRY_RUN_SIMULATION
2026-08-27T07:02:14Z,547046,1104082,SUCCESS,true,DRY_RUN_SIMULATION
2026-08-27T07:02:14Z,547048,1104084,SUCCESS,true,DRY_RUN_SIMULATION
2026-08-27T07:02:14Z,547049,1104085,SUCCESS,true,DRY_RUN_SIMULATION
2026-08-27T07:02:14Z,546261,1104088,SUCCESS,true,DRY_RUN_SIMULATION
2026-08-27T07:02:14Z,546259,1104086,SUCCESS,true,DRY_RUN_SIMULATION
2026-08-27T07:02:14Z,546260,1104087,SUCCESS,true,DRY_RUN_SIMULATION
2026-08-27T07:02:14Z,546258,1104085,SUCCESS,true,DRY_RUN_SIMULATION
2026-08-27T07:02:14Z,546263,1104090,SUCCESS,true,DRY_RUN_SIMULATION
2026-08-27T07:02:14Z,546265,1104092,SUCCESS,true,DRY_RUN_SIMULATION
2026-08-27T07:02:14Z,546264,1104091,SUCCESS,true,DRY_RUN_SIMULATION
2026-08-27T07:02:14Z,546262,1104089,SUCCESS,true,DRY_RUN_SIMULATION
2026-08-27T07:02:14Z,546266,1104093,SUCCESS,true,DRY_RUN_SIMULATION
2026-08-27T07:02:14Z,546267,1104094,SUCCESS,true,DRY_RUN_SIMULATION
2026-08-27T07:02:14Z,546268,1104095,SUCCESS,true,DRY_RUN_SIMULATION
2026-08-27T07:02:14Z,546269,1104096,SUCCESS,true,DRY_RUN_SIMULATION
2026-08-27T07:02:14Z,546270,1104097,SUCCESS,true,DRY_RUN_SIMULATION
2026-08-27T07:02:14Z,546272,1104099,SUCCESS,true,DRY_RUN_SIMULATION
2026-08-27T07:02:14Z,546273,1104100,SUCCESS,true,DRY_RUN_SIMULATION
2026-08-27T07:02:14Z,546271,1104098,SUCCESS,true,DRY_RUN_SIMULATION
2026-08-27T07:02:14Z,546274,1104101,SUCCESS,true,DRY_RUN_SIMULATION
2026-08-27T07:02:14Z,546287,1104114,SUCCESS,true,DRY_RUN_SIMULATION
2026-08-27T07:02:14Z,546288,1104115,SUCCESS,true,DRY_RUN_SIMULATION
2026-08-27T07:02:14Z,546291,1104119,SUCCESS,true,DRY_RUN_SIMULATION
2026-08-27T07:02:14Z,546292,1104120,SUCCESS,true,DRY_RUN_SIMULATION
2026-08-27T07:02:14Z,546293,1104121,SUCCESS,true,DRY_RUN_SIMULATION
2026-08-27T07:02:14Z,546295,1104123,SUCCESS,true,DRY_RUN_SIMULATION
2026-08-27T07:02:14Z,546294,1104122,SUCCESS,true,DRY_RUN_SIMULATION
2026-08-27T07:02:14Z,546296,1104124,SUCCESS,true,DRY_RUN_SIMULATION
2026-08-27T07:02:14Z,546298,1104126,SUCCESS,true,DRY_RUN_SIMULATION
2026-08-27T07:02:14Z,546299,1104127,SUCCESS,true,DRY_RUN_SIMULATION
2026-08-27T07:02:14Z,546297,1104125,SUCCESS,true,DRY_RUN_SIMULATION
2026-08-27T07:02:14Z,546301,1104129,SUCCESS,true,DRY_RUN_SIMULATION
2026-08-27T07:02:14Z,546303,1104131,SUCCESS,true,DRY_RUN_SIMULATION
2026-08-27T07:02:14Z,546302,1104130,SUCCESS,true,DRY_RUN_SIMULATION
2026-08-27T07:02:14Z,546300,1104128,SUCCESS,true,DRY_RUN_SIMULATION
2026-08-27T07:02:14Z,546305,1104133,SUCCESS,true,DRY_RUN_SIMULATION
2026-08-27T07:02:14Z,546304,1104132,SUCCESS,true,DRY_RUN_SIMULATION
2026-08-27T07:02:14Z,546306,1104134,SUCCESS,true,DRY_RUN_SIMULATION
2026-08-27T07:02:14Z,546307,1104135,SUCCESS,true,DRY_RUN_SIMULATION
2026-08-27T07:02:14Z,546310,1104138,SUCCESS,true,DRY_RUN_SIMULATION
2026-08-27T07:02:14Z,546309,1104137,SUCCESS,true,DRY_RUN_SIMULATION
2026-08-27T07:02:14Z,546311,1104139,SUCCESS,true,DRY_RUN_SIMULATION
2026-08-27T07:02:14Z,546308,1104136,SUCCESS,true,DRY_RUN_SIMULATION
2026-08-27T07:02:14Z,546313,1104141,SUCCESS,true,DRY_RUN_SIMULATION
2026-08-27T07:02:14Z,546314,1104142,SUCCESS,true,DRY_RUN_SIMULATION
2026-08-27T07:02:14Z,546312,1104140,SUCCESS,true,DRY_RUN_SIMULATION
2026-08-27T07:02:14Z,546315,1104143,SUCCESS,true,DRY_RUN_SIMULATION
2026-08-27T07:02:14Z,546317,1104145,SUCCESS,true,DRY_RUN_SIMULATION
2026-08-27T07:02:14Z,546318,1104146,SUCCESS,true,DRY_RUN_SIMULATION
2026-08-27T07:02:14Z,546319,1104147,SUCCESS,true,DRY_RUN_SIMULATION
2026-08-27T07:02:14Z,546316,1104144,SUCCESS,true,DRY_RUN_SIMULATION
2026-08-27T07:02:14Z,546322,1104150,SUCCESS,true,DRY_RUN_SIMULATION
2026-08-27T07:02:14Z,546323,1104151,SUCCESS,true,DRY_RUN_SIMULATION
2026-08-27T07:02:14Z,546321,1104149,SUCCESS,true,DRY_RUN_SIMULATION
2026-08-27T07:02:14Z,546320,1104148,SUCCESS,true,DRY_RUN_SIMULATION
2026-08-27T07:02:14Z,546326,1104154,SUCCESS,true,DRY_RUN_SIMULATION
2026-08-27T07:02:14Z,546327,1104155,SUCCESS,true,DRY_RUN_SIMULATION
2026-08-27T07:02:14Z,546325,1104153,SUCCESS,true,DRY_RUN_SIMULATION
2026-08-27T07:02:14Z,546324,1104152,SUCCESS,true,DRY_RUN_SIMULATION
2026-08-27T07:02:14Z,546330,1104158,SUCCESS,true,DRY_RUN_SIMULATION
2026-08-27T07:02:14Z,546331,1104159,SUCCESS,true,DRY_RUN_SIMULATION
2026-08-27T07:02:14Z,546328,1104156,SUCCESS,true,DRY_RUN_SIMULATION
2026-08-27T07:02:14Z,546329,1104157,SUCCESS,true,DRY_RUN_SIMULATION
2026-08-27T07:02:14Z,546333,1104161,SUCCESS,true,DRY_RUN_SIMULATION
2026-08-27T07:02:14Z,546332,1104160,SUCCESS,true,DRY_RUN_SIMULATION
2026-08-27T07:02:14Z,546334,1104162,SUCCESS,true,DRY_RUN_SIMULATION
2026-08-27T07:02:14Z,546335,1104163,SUCCESS,true,DRY_RUN_SIMULATION
2026-08-27T07:02:14Z,546336,1104164,SUCCESS,true,DRY_RUN_SIMULATION
2026-08-27T07:02:14Z,546337,1104165,SUCCESS,true,DRY_RUN_SIMULATION
2026-08-27T07:02:14Z,546338,1104166,SUCCESS,true,DRY_RUN_SIMULATION
2026-08-27T07:02:14Z,546339,1104167,SUCCESS,true,DRY_RUN_SIMULATION
2026-08-27T07:02:14Z,545837,740010,SKIPPED_NO_RESUME,false,Candidate profile does not contain a valid resume attachment.
2026-08-27T07:02:14Z,545818,772180,SKIPPED_NO_RESUME,false,Candidate profile does not contain a valid resume attachment.
2026-08-27T07:02:14Z,547157,1104244,SUCCESS,true,DRY_RUN_SIMULATION
2026-08-27T07:02:14Z,545810,741398,SKIPPED_NO_RESUME,false,Candidate profile does not contain a valid resume attachment.
2026-08-27T07:02:14Z,545842,633305,SKIPPED_NO_RESUME,false,Candidate profile does not contain a valid resume attachment.
2026-08-27T07:02:14Z,545826,795527,SKIPPED_NO_RESUME,false,Candidate profile does not contain a valid resume attachment.
2026-08-27T07:02:14Z,545821,744153,SKIPPED_NO_RESUME,false,Candidate profile does not contain a valid resume attachment.
2026-08-27T07:02:14Z,545809,377699,SKIPPED_NO_RESUME,false,Candidate profile does not contain a valid resume attachment.
2026-08-27T07:02:14Z,545838,636766,SKIPPED_NO_RESUME,false,Candidate profile does not contain a valid resume attachment.
2026-08-27T07:02:14Z,547036,1103501,SKIPPED_NO_RESUME,false,Candidate profile does not contain a valid resume attachment.
2026-08-27T07:02:14Z,545796,663293,SKIPPED_NO_RESUME,false,Candidate profile does not contain a valid resume attachment.
2026-08-27T07:02:14Z,545880,744067,SKIPPED_NO_RESUME,false,Candidate profile does not contain a valid resume attachment.
2026-08-27T07:02:14Z,545461,1103537,SUCCESS,true,DRY_RUN_SIMULATION
2026-08-27T07:02:14Z,545462,1103541,SUCCESS,true,DRY_RUN_SIMULATION
2026-08-27T07:02:14Z,545456,1103740,SUCCESS,true,DRY_RUN_SIMULATION
2026-08-27T07:02:14Z,545455,1103742,SUCCESS,true,DRY_RUN_SIMULATION
2026-08-27T07:02:14Z,545463,1103721,SUCCESS,true,DRY_RUN_SIMULATION
2026-08-27T07:02:14Z,545474,1103536,SUCCESS,true,DRY_RUN_SIMULATION
2026-08-27T07:02:14Z,545477,1103539,SUCCESS,true,DRY_RUN_SIMULATION
2026-08-27T07:02:14Z,545490,1103741,SUCCESS,true,DRY_RUN_SIMULATION
2026-08-27T07:02:14Z,545501,1103728,SUCCESS,true,DRY_RUN_SIMULATION
2026-08-27T07:02:14Z,545507,1103645,SUCCESS,true,DRY_RUN_SIMULATION
2026-08-27T07:02:14Z,545496,1103701,SUCCESS,true,DRY_RUN_SIMULATION
2026-08-27T07:02:14Z,545514,1103744,SUCCESS,true,DRY_RUN_SIMULATION
2026-08-27T07:02:14Z,545457,1103647,SUCCESS,true,DRY_RUN_SIMULATION
2026-08-27T07:02:14Z,545458,1103757,SUCCESS,true,DRY_RUN_SIMULATION
2026-08-27T07:02:14Z,545516,1103743,SUCCESS,true,DRY_RUN_SIMULATION
2026-08-27T07:02:14Z,545459,1103796,SUCCESS,true,DRY_RUN_SIMULATION
2026-08-27T07:02:14Z,545464,1103565,SUCCESS,true,DRY_RUN_SIMULATION
2026-08-27T07:02:14Z,545468,1103755,SUCCESS,true,DRY_RUN_SIMULATION
2026-08-27T07:02:14Z,545471,1103651,SUCCESS,true,DRY_RUN_SIMULATION
2026-08-27T07:02:14Z,545472,1103652,SUCCESS,true,DRY_RUN_SIMULATION
2026-08-27T07:02:14Z,545473,1103723,SUCCESS,true,DRY_RUN_SIMULATION
2026-08-27T07:02:14Z,545475,1103706,SUCCESS,true,DRY_RUN_SIMULATION
2026-08-27T07:02:14Z,545476,1103756,SUCCESS,true,DRY_RUN_SIMULATION
2026-08-27T07:02:14Z,545478,1103708,SUCCESS,true,DRY_RUN_SIMULATION
2026-08-27T07:02:14Z,545480,1103599,SUCCESS,true,DRY_RUN_SIMULATION
2026-08-27T07:02:14Z,545483,1103575,SUCCESS,true,DRY_RUN_SIMULATION
2026-08-27T07:02:14Z,545484,1103678,SUCCESS,true,DRY_RUN_SIMULATION
2026-08-27T07:02:14Z,545485,1103679,SUCCESS,true,DRY_RUN_SIMULATION
2026-08-27T07:02:14Z,545489,1103607,SUCCESS,true,DRY_RUN_SIMULATION
2026-08-27T07:02:14Z,545492,1103752,SUCCESS,true,DRY_RUN_SIMULATION
2026-08-27T07:02:14Z,545493,1103753,SUCCESS,true,DRY_RUN_SIMULATION
2026-08-27T07:02:14Z,545494,1103758,SUCCESS,true,DRY_RUN_SIMULATION
2026-08-27T07:02:14Z,545495,1103563,SUCCESS,true,DRY_RUN_SIMULATION
2026-08-27T07:02:14Z,545498,1103720,SUCCESS,true,DRY_RUN_SIMULATION
2026-08-27T07:02:14Z,545497,1103657,SUCCESS,true,DRY_RUN_SIMULATION
2026-08-27T07:02:14Z,545500,1103561,SUCCESS,true,DRY_RUN_SIMULATION
2026-08-27T07:02:14Z,545502,1103707,SUCCESS,true,DRY_RUN_SIMULATION
2026-08-27T07:02:14Z,545505,1103699,SUCCESS,true,DRY_RUN_SIMULATION
2026-08-27T07:02:14Z,545506,1103573,SUCCESS,true,DRY_RUN_SIMULATION
2026-08-27T07:02:14Z,545504,1103644,SUCCESS,true,DRY_RUN_SIMULATION
2026-08-27T07:02:14Z,545509,1103649,SUCCESS,true,DRY_RUN_SIMULATION
2026-08-27T07:02:14Z,545513,1103646,SUCCESS,true,DRY_RUN_SIMULATION
2026-08-27T07:02:14Z,545510,1103572,SUCCESS,true,DRY_RUN_SIMULATION
2026-08-27T07:02:14Z,545515,1103719,SUCCESS,true,DRY_RUN_SIMULATION
2026-08-27T07:02:14Z,545512,1103574,SUCCESS,true,DRY_RUN_SIMULATION
2026-08-27T07:02:14Z,545482,1044045,SKIPPED_NO_RESUME,false,Candidate profile does not contain a valid resume attachment.
2026-08-27T07:02:14Z,545469,1103737,SUCCESS,true,DRY_RUN_SIMULATION
2026-08-27T07:02:14Z,545470,1103567,SUCCESS,true,DRY_RUN_SIMULATION
2026-08-27T07:02:14Z,545479,1103797,SUCCESS,true,DRY_RUN_SIMULATION
2026-08-27T07:02:14Z,545465,1103598,SUCCESS,true,DRY_RUN_SIMULATION
2026-08-27T07:02:14Z,545460,1103542,SUCCESS,true,DRY_RUN_SIMULATION
2026-08-27T07:02:14Z,545466,1103659,SUCCESS,true,DRY_RUN_SIMULATION
2026-08-27T07:02:14Z,545467,1103704,SUCCESS,true,DRY_RUN_SIMULATION
2026-08-27T07:02:14Z,545481,1103568,SUCCESS,true,DRY_RUN_SIMULATION
2026-08-27T07:02:14Z,545486,1103606,SUCCESS,true,DRY_RUN_SIMULATION
2026-08-27T07:02:14Z,545487,1103705,SUCCESS,true,DRY_RUN_SIMULATION
2026-08-27T07:02:14Z,545488,1103754,SUCCESS,true,DRY_RUN_SIMULATION
2026-08-27T07:02:14Z,545499,1103745,SUCCESS,true,DRY_RUN_SIMULATION
2026-08-27T07:02:14Z,545491,1103562,SUCCESS,true,DRY_RUN_SIMULATION
2026-08-27T07:02:14Z,546438,1104078,SUCCESS,true,DRY_RUN_SIMULATION
2026-08-27T07:02:14Z,546440,1104080,SUCCESS,true,DRY_RUN_SIMULATION
2026-08-27T07:02:14Z,546441,1104081,SUCCESS,true,DRY_RUN_SIMULATION
2026-08-27T07:02:14Z,546442,1104082,SUCCESS,true,DRY_RUN_SIMULATION
2026-08-27T07:02:14Z,545503,1103654,SUCCESS,true,DRY_RUN_SIMULATION
2026-08-27T07:02:14Z,546443,1104083,SUCCESS,true,DRY_RUN_SIMULATION
2026-08-27T07:02:14Z,546439,1104079,SUCCESS,true,DRY_RUN_SIMULATION
2026-08-27T07:02:14Z,545508,1103748,SUCCESS,true,DRY_RUN_SIMULATION
2026-08-27T07:02:14Z,546445,1104201,SUCCESS,true,DRY_RUN_SIMULATION
2026-08-27T07:02:14Z,546999,1104224,SUCCESS,true,DRY_RUN_SIMULATION
2026-08-27T07:02:14Z,546436,1104192,SUCCESS,true,DRY_RUN_SIMULATION
2026-08-27T07:02:14Z,546435,1104191,SUCCESS,true,DRY_RUN_SIMULATION
2026-08-27T07:02:14Z,545610,1103889,SUCCESS,true,DRY_RUN_SIMULATION
2026-08-27T07:02:14Z,545611,1103891,SUCCESS,true,DRY_RUN_SIMULATION
2026-08-27T07:02:14Z,546437,1104193,SUCCESS,true,DRY_RUN_SIMULATION
2026-08-27T07:02:14Z,545454,1103870,SUCCESS,true,DRY_RUN_SIMULATION
2026-08-27T07:02:14Z,547135,1104200,SUCCESS,true,DRY_RUN_SIMULATION
2026-08-27T07:02:14Z,547136,1104236,SUCCESS,true,DRY_RUN_SIMULATION
2026-08-27T07:02:14Z,547137,1104237,SUCCESS,true,DRY_RUN_SIMULATION
2026-08-27T07:02:14Z,545450,1103871,SUCCESS,true,DRY_RUN_SIMULATION
2026-08-27T07:02:14Z,545726,1103906,SUCCESS,true,DRY_RUN_SIMULATION
2026-08-27T07:02:14Z,547176,1104244,SUCCESS,true,DRY_RUN_SIMULATION
2026-08-27T07:02:14Z,547041,1103403,SKIPPED_NO_RESUME,false,Candidate profile does not contain a valid resume attachment.
2026-08-27T07:02:14Z,547000,1103564,SUCCESS,true,DRY_RUN_SIMULATION
2026-08-27T07:02:14Z,545435,1103849,SUCCESS,true,DRY_RUN_SIMULATION
2026-08-27T07:02:14Z,545511,1103750,SUCCESS,true,DRY_RUN_SIMULATION
2026-08-27T07:02:14Z,545855,742779,SKIPPED_NO_RESUME,false,Candidate profile does not contain a valid resume attachment.
2026-08-27T07:02:14Z,547156,1104251,SUCCESS,true,DRY_RUN_SIMULATION
2026-08-27T07:02:14Z,545897,219651,SKIPPED_NO_RESUME,false,Candidate profile does not contain a valid resume attachment.
2026-08-27T07:02:14Z,545893,632448,SKIPPED_NO_RESUME,false,Candidate profile does not contain a valid resume attachment.
2026-08-27T07:02:14Z,545851,740171,SKIPPED_NO_RESUME,false,Candidate profile does not contain a valid resume attachment.
2026-08-27T07:02:14Z,545886,186301,SKIPPED_NO_RESUME,false,Candidate profile does not contain a valid resume attachment.
2026-08-27T07:02:14Z,545889,740771,SKIPPED_NO_RESUME,false,Candidate profile does not contain a valid resume attachment.
2026-08-27T07:02:14Z,545884,731531,SKIPPED_NO_RESUME,false,Candidate profile does not contain a valid resume attachment.
2026-08-27T07:02:14Z,545823,33491,SKIPPED_NO_RESUME,false,Candidate profile does not contain a valid resume attachment.
2026-08-27T07:02:14Z,545815,626885,SKIPPED_NO_RESUME,false,Candidate profile does not contain a valid resume attachment.
2026-08-27T07:02:14Z,545860,739798,SKIPPED_NO_RESUME,false,Candidate profile does not contain a valid resume attachment.
2026-08-27T07:02:14Z,545878,669999,SKIPPED_NO_RESUME,false,Candidate profile does not contain a valid resume attachment.
2026-08-27T07:02:14Z,545877,208882,SKIPPED_NO_RESUME,false,Candidate profile does not contain a valid resume attachment.
2026-08-27T07:02:14Z,546341,1104078,SUCCESS,true,DRY_RUN_SIMULATION
2026-08-27T07:02:14Z,546343,1104080,SUCCESS,true,DRY_RUN_SIMULATION
2026-08-27T07:02:14Z,546344,1104081,SUCCESS,true,DRY_RUN_SIMULATION
2026-08-27T07:02:14Z,546345,1104082,SUCCESS,true,DRY_RUN_SIMULATION
2026-08-27T07:02:14Z,547038,1103456,SKIPPED_NO_RESUME,false,Candidate profile does not contain a valid resume attachment.
2026-08-27T07:02:14Z,546346,1104083,SUCCESS,true,DRY_RUN_SIMULATION
2026-08-27T07:02:14Z,546348,1104085,SUCCESS,true,DRY_RUN_SIMULATION
2026-08-27T07:02:14Z,546349,1104086,SUCCESS,true,DRY_RUN_SIMULATION
2026-08-27T07:02:14Z,546350,1104087,SUCCESS,true,DRY_RUN_SIMULATION
2026-08-27T07:02:14Z,546342,1104079,SUCCESS,true,DRY_RUN_SIMULATION
2026-08-27T07:02:14Z,546347,1104084,SUCCESS,true,DRY_RUN_SIMULATION
2026-08-27T07:02:14Z,546351,1104088,SUCCESS,true,DRY_RUN_SIMULATION
2026-08-27T07:02:14Z,546352,1104089,SUCCESS,true,DRY_RUN_SIMULATION
2026-08-27T07:02:14Z,546353,1104090,SUCCESS,true,DRY_RUN_SIMULATION
2026-08-27T07:02:14Z,546354,1104091,SUCCESS,true,DRY_RUN_SIMULATION
2026-08-27T07:02:14Z,546355,1104092,SUCCESS,true,DRY_RUN_SIMULATION
2026-08-27T07:02:14Z,546356,1104093,SUCCESS,true,DRY_RUN_SIMULATION
2026-08-27T07:02:14Z,546357,1104094,SUCCESS,true,DRY_RUN_SIMULATION
2026-08-27T07:02:14Z,546358,1104095,SUCCESS,true,DRY_RUN_SIMULATION
2026-08-27T07:02:14Z,546340,1104077,SUCCESS,true,DRY_RUN_SIMULATION
2026-08-27T07:02:14Z,546359,1104096,SUCCESS,true,DRY_RUN_SIMULATION
2026-08-27T07:02:14Z,546360,1104097,SUCCESS,true,DRY_RUN_SIMULATION
2026-08-27T07:02:14Z,546361,1104098,SUCCESS,true,DRY_RUN_SIMULATION
2026-08-27T07:02:14Z,546362,1104099,SUCCESS,true,DRY_RUN_SIMULATION
2026-08-27T07:02:14Z,546363,1104100,SUCCESS,true,DRY_RUN_SIMULATION
2026-08-27T07:02:14Z,546365,1104102,SUCCESS,true,DRY_RUN_SIMULATION
2026-08-27T07:02:14Z,546364,1104101,SUCCESS,true,DRY_RUN_SIMULATION
2026-08-27T07:02:14Z,546366,1104103,SUCCESS,true,DRY_RUN_SIMULATION
2026-08-27T07:02:14Z,546367,1104104,SUCCESS,true,DRY_RUN_SIMULATION
2026-08-27T07:02:14Z,546368,1104105,SUCCESS,true,DRY_RUN_SIMULATION
2026-08-27T07:02:14Z,546369,1104106,SUCCESS,true,DRY_RUN_SIMULATION
2026-08-27T07:02:14Z,546370,1104107,SUCCESS,true,DRY_RUN_SIMULATION
2026-08-27T07:02:14Z,546371,1104108,SUCCESS,true,DRY_RUN_SIMULATION
2026-08-27T07:02:14Z,546374,1104111,SUCCESS,true,DRY_RUN_SIMULATION
2026-08-27T07:02:14Z,546372,1104109,SUCCESS,true,DRY_RUN_SIMULATION
2026-08-27T07:02:14Z,546373,1104110,SUCCESS,true,DRY_RUN_SIMULATION
2026-08-27T07:02:14Z,546375,1104112,SUCCESS,true,DRY_RUN_SIMULATION
2026-08-27T07:02:14Z,546377,1104114,SUCCESS,true,DRY_RUN_SIMULATION
2026-08-27T07:02:14Z,546378,1104115,SUCCESS,true,DRY_RUN_SIMULATION
2026-08-27T07:02:14Z,546376,1104113,SUCCESS,true,DRY_RUN_SIMULATION
2026-08-27T07:02:14Z,546381,1104119,SUCCESS,true,DRY_RUN_SIMULATION
2026-08-27T07:02:14Z,546384,1104122,SUCCESS,true,DRY_RUN_SIMULATION
2026-08-27T07:02:14Z,546383,1104121,SUCCESS,true,DRY_RUN_SIMULATION
2026-08-27T07:02:14Z,546382,1104120,SUCCESS,true,DRY_RUN_SIMULATION
2026-08-27T07:02:14Z,546385,1104123,SUCCESS,true,DRY_RUN_SIMULATION
2026-08-27T07:02:14Z,546386,1104124,SUCCESS,true,DRY_RUN_SIMULATION
2026-08-27T07:02:14Z,546388,1104126,SUCCESS,true,DRY_RUN_SIMULATION
2026-08-27T07:02:14Z,546387,1104125,SUCCESS,true,DRY_RUN_SIMULATION
2026-08-27T07:02:14Z,546389,1104127,SUCCESS,true,DRY_RUN_SIMULATION
2026-08-27T07:02:14Z,546390,1104128,SUCCESS,true,DRY_RUN_SIMULATION
2026-08-27T07:02:14Z,546391,1104129,SUCCESS,true,DRY_RUN_SIMULATION
2026-08-27T07:02:14Z,546392,1104130,SUCCESS,true,DRY_RUN_SIMULATION
2026-08-27T07:02:14Z,546393,1104131,SUCCESS,true,DRY_RUN_SIMULATION
2026-08-27T07:02:14Z,546396,1104134,SUCCESS,true,DRY_RUN_SIMULATION
2026-08-27T07:02:14Z,546395,1104133,SUCCESS,true,DRY_RUN_SIMULATION
2026-08-27T07:02:14Z,546394,1104132,SUCCESS,true,DRY_RUN_SIMULATION
2026-08-27T07:02:14Z,546397,1104135,SUCCESS,true,DRY_RUN_SIMULATION
2026-08-27T07:02:14Z,546398,1104136,SUCCESS,true,DRY_RUN_SIMULATION
2026-08-27T07:02:14Z,546399,1104137,SUCCESS,true,DRY_RUN_SIMULATION
2026-08-27T07:02:14Z,546400,1104138,SUCCESS,true,DRY_RUN_SIMULATION
2026-08-27T07:02:14Z,546401,1104139,SUCCESS,true,DRY_RUN_SIMULATION
2026-08-27T07:02:14Z,546404,1104142,SUCCESS,true,DRY_RUN_SIMULATION
2026-08-27T07:02:14Z,546402,1104140,SUCCESS,true,DRY_RUN_SIMULATION
2026-08-27T07:02:14Z,546403,1104141,SUCCESS,true,DRY_RUN_SIMULATION
2026-08-27T07:02:14Z,546405,1104143,SUCCESS,true,DRY_RUN_SIMULATION
2026-08-27T07:02:14Z,546406,1104144,SUCCESS,true,DRY_RUN_SIMULATION
2026-08-27T07:02:14Z,546407,1104145,SUCCESS,true,DRY_RUN_SIMULATION
2026-08-27T07:02:14Z,546408,1104146,SUCCESS,true,DRY_RUN_SIMULATION
2026-08-27T07:02:14Z,546409,1104147,SUCCESS,true,DRY_RUN_SIMULATION
2026-08-27T07:02:14Z,546410,1104148,SUCCESS,true,DRY_RUN_SIMULATION
2026-08-27T07:02:14Z,546411,1104149,SUCCESS,true,DRY_RUN_SIMULATION
2026-08-27T07:02:14Z,546412,1104150,SUCCESS,true,DRY_RUN_SIMULATION
2026-08-27T07:02:14Z,546413,1104151,SUCCESS,true,DRY_RUN_SIMULATION
2026-08-27T07:02:14Z,546415,1104153,SUCCESS,true,DRY_RUN_SIMULATION
2026-08-27T07:02:14Z,546416,1104154,SUCCESS,true,DRY_RUN_SIMULATION
2026-08-27T07:02:14Z,546414,1104152,SUCCESS,true,DRY_RUN_SIMULATION
2026-08-27T07:02:14Z,546417,1104155,SUCCESS,true,DRY_RUN_SIMULATION
2026-08-27T07:02:14Z,546420,1104158,SUCCESS,true,DRY_RUN_SIMULATION
2026-08-27T07:02:14Z,546418,1104156,SUCCESS,true,DRY_RUN_SIMULATION
2026-08-27T07:02:14Z,546419,1104157,SUCCESS,true,DRY_RUN_SIMULATION
2026-08-27T07:02:14Z,546421,1104159,SUCCESS,true,DRY_RUN_SIMULATION
2026-08-27T07:02:14Z,546422,1104160,SUCCESS,true,DRY_RUN_SIMULATION
2026-08-27T07:02:14Z,546424,1104162,SUCCESS,true,DRY_RUN_SIMULATION
2026-08-27T07:02:14Z,546423,1104161,SUCCESS,true,DRY_RUN_SIMULATION
2026-08-27T07:02:14Z,546425,1104163,SUCCESS,true,DRY_RUN_SIMULATION
2026-08-27T07:02:14Z,546426,1104164,SUCCESS,true,DRY_RUN_SIMULATION
2026-08-27T07:02:14Z,546427,1104165,SUCCESS,true,DRY_RUN_SIMULATION
2026-08-27T07:02:14Z,546428,1104166,SUCCESS,true,DRY_RUN_SIMULATION
2026-08-27T07:02:14Z,546429,1104167,SUCCESS,true,DRY_RUN_SIMULATION
2026-08-27T07:02:14Z,547179,1104236,SUCCESS,true,DRY_RUN_SIMULATION
2026-08-27T07:02:14Z,547142,1104075,SUCCESS,true,DRY_RUN_SIMULATION
2026-08-27T07:02:14Z,546159,1104126,SUCCESS,true,DRY_RUN_SIMULATION
2026-08-27T07:02:14Z,547141,1104223,SUCCESS,true,DRY_RUN_SIMULATION
2026-08-27T07:02:14Z,546446,1104202,SUCCESS,true,DRY_RUN_SIMULATION
2026-08-27T07:02:14Z,546161,1104137,SUCCESS,true,DRY_RUN_SIMULATION
2026-08-27T07:02:14Z,546160,1104124,SUCCESS,true,DRY_RUN_SIMULATION
2026-08-27T07:02:14Z,546162,1104119,SUCCESS,true,DRY_RUN_SIMULATION
2026-08-27T07:02:14Z,546164,1104121,SUCCESS,true,DRY_RUN_SIMULATION
2026-08-27T07:02:14Z,546163,1104123,SUCCESS,true,DRY_RUN_SIMULATION
2026-08-27T07:02:14Z,546168,1104167,SUCCESS,true,DRY_RUN_SIMULATION
2026-08-27T07:02:14Z,547180,1104268,SUCCESS,true,DRY_RUN_SIMULATION
2026-08-27T07:02:14Z,546169,1104151,SUCCESS,true,DRY_RUN_SIMULATION
2026-08-27T07:02:14Z,546170,1104140,SUCCESS,true,DRY_RUN_SIMULATION
2026-08-27T07:02:14Z,546171,1104157,SUCCESS,true,DRY_RUN_SIMULATION
2026-08-27T07:02:14Z,546172,1104133,SUCCESS,true,DRY_RUN_SIMULATION
2026-08-27T07:02:14Z,546173,1104159,SUCCESS,true,DRY_RUN_SIMULATION
2026-08-27T07:02:14Z,546174,1104155,SUCCESS,true,DRY_RUN_SIMULATION
2026-08-27T07:02:14Z,546175,1104147,SUCCESS,true,DRY_RUN_SIMULATION
2026-08-27T07:02:14Z,546176,1104132,SUCCESS,true,DRY_RUN_SIMULATION
2026-08-27T07:02:14Z,546177,1104166,SUCCESS,true,DRY_RUN_SIMULATION
2026-08-27T07:02:14Z,546178,1104127,SUCCESS,true,DRY_RUN_SIMULATION
2026-08-27T07:02:14Z,546179,1104158,SUCCESS,true,DRY_RUN_SIMULATION
2026-08-27T07:02:14Z,546180,1104164,SUCCESS,true,DRY_RUN_SIMULATION
2026-08-27T07:02:14Z,546182,1104130,SUCCESS,true,DRY_RUN_SIMULATION
2026-08-27T07:02:14Z,546181,1104146,SUCCESS,true,DRY_RUN_SIMULATION
2026-08-27T07:02:14Z,546183,1104136,SUCCESS,true,DRY_RUN_SIMULATION
2026-08-27T07:02:14Z,546184,1104134,SUCCESS,true,DRY_RUN_SIMULATION
2026-08-27T07:02:14Z,546185,1104143,SUCCESS,true,DRY_RUN_SIMULATION
2026-08-27T07:02:14Z,546186,1104162,SUCCESS,true,DRY_RUN_SIMULATION
2026-08-27T07:02:14Z,546187,1104144,SUCCESS,true,DRY_RUN_SIMULATION
2026-08-27T07:02:14Z,546188,1104163,SUCCESS,true,DRY_RUN_SIMULATION
2026-08-27T07:02:14Z,546189,1104148,SUCCESS,true,DRY_RUN_SIMULATION
2026-08-27T07:02:14Z,546190,1104128,SUCCESS,true,DRY_RUN_SIMULATION
2026-08-27T07:02:14Z,546191,1104160,SUCCESS,true,DRY_RUN_SIMULATION
2026-08-27T07:02:14Z,546192,1104131,SUCCESS,true,DRY_RUN_SIMULATION
2026-08-27T07:02:14Z,546193,1104129,SUCCESS,true,DRY_RUN_SIMULATION
2026-08-27T07:02:14Z,546194,1104149,SUCCESS,true,DRY_RUN_SIMULATION
2026-08-27T07:02:14Z,546195,1104153,SUCCESS,true,DRY_RUN_SIMULATION
2026-08-27T07:02:14Z,546196,1104139,SUCCESS,true,DRY_RUN_SIMULATION
2026-08-27T07:02:14Z,546210,1104093,SUCCESS,true,DRY_RUN_SIMULATION
2026-08-27T07:02:14Z,546208,1104113,SUCCESS,true,DRY_RUN_SIMULATION
2026-08-27T07:02:14Z,546211,1104097,SUCCESS,true,DRY_RUN_SIMULATION
2026-08-27T07:02:14Z,546212,1104095,SUCCESS,true,DRY_RUN_SIMULATION
2026-08-27T07:02:14Z,546213,1104100,SUCCESS,true,DRY_RUN_SIMULATION
2026-08-27T07:02:14Z,546215,1104112,SUCCESS,true,DRY_RUN_SIMULATION
2026-08-27T07:02:14Z,546217,1104099,SUCCESS,true,DRY_RUN_SIMULATION
2026-08-27T07:02:14Z,546219,1104105,SUCCESS,true,DRY_RUN_SIMULATION
2026-08-27T07:02:14Z,546220,1104107,SUCCESS,true,DRY_RUN_SIMULATION
2026-08-27T07:02:14Z,546227,1104102,SUCCESS,true,DRY_RUN_SIMULATION
2026-08-27T07:02:14Z,546232,1104104,SUCCESS,true,DRY_RUN_SIMULATION
2026-08-27T07:02:14Z,546236,1104103,SUCCESS,true,DRY_RUN_SIMULATION
2026-08-27T07:02:14Z,546240,1104094,SUCCESS,true,DRY_RUN_SIMULATION
2026-08-27T07:02:14Z,546238,1104108,SUCCESS,true,DRY_RUN_SIMULATION
2026-08-27T07:02:14Z,546244,1104106,SUCCESS,true,DRY_RUN_SIMULATION
2026-08-27T07:02:14Z,546246,1104098,SUCCESS,true,DRY_RUN_SIMULATION
2026-08-27T07:02:14Z,546230,1104091,SUCCESS,true,DRY_RUN_SIMULATION
2026-08-27T07:02:14Z,546247,1104110,SUCCESS,true,DRY_RUN_SIMULATION
2026-08-27T07:02:14Z,546229,1104096,SUCCESS,true,DRY_RUN_SIMULATION
2026-08-27T07:02:14Z,546216,1104111,SUCCESS,true,DRY_RUN_SIMULATION
2026-08-27T07:02:14Z,546231,1104101,SUCCESS,true,DRY_RUN_SIMULATION
2026-08-27T07:02:14Z,546214,1104109,SUCCESS,true,DRY_RUN_SIMULATION
2026-08-27T07:02:14Z,546226,1104114,SUCCESS,true,DRY_RUN_SIMULATION
2026-08-27T07:02:14Z,546218,1104115,SUCCESS,true,DRY_RUN_SIMULATION
2026-08-27T07:02:14Z,546166,1104120,SUCCESS,true,DRY_RUN_SIMULATION
2026-08-27T07:02:14Z,546165,1104122,SUCCESS,true,DRY_RUN_SIMULATION
2026-08-27T07:02:14Z,546167,1104125,SUCCESS,true,DRY_RUN_SIMULATION
2026-08-27T07:02:14Z,546201,1104141,SUCCESS,true,DRY_RUN_SIMULATION
2026-08-27T07:02:14Z,546207,1104138,SUCCESS,true,DRY_RUN_SIMULATION
2026-08-27T07:02:14Z,546198,1104135,SUCCESS,true,DRY_RUN_SIMULATION
2026-08-27T07:02:14Z,546203,1104142,SUCCESS,true,DRY_RUN_SIMULATION
2026-08-27T07:02:14Z,546206,1104145,SUCCESS,true,DRY_RUN_SIMULATION
2026-08-27T07:02:14Z,546202,1104150,SUCCESS,true,DRY_RUN_SIMULATION
2026-08-27T07:02:14Z,546199,1104152,SUCCESS,true,DRY_RUN_SIMULATION
2026-08-27T07:02:14Z,546204,1104154,SUCCESS,true,DRY_RUN_SIMULATION
2026-08-27T07:02:14Z,546205,1104161,SUCCESS,true,DRY_RUN_SIMULATION
2026-08-27T07:02:14Z,546197,1104165,SUCCESS,true,DRY_RUN_SIMULATION
2026-08-27T07:02:14Z,546200,1104156,SUCCESS,true,DRY_RUN_SIMULATION
2026-08-27T07:02:14Z,546036,1104027,SUCCESS,true,DRY_RUN_SIMULATION
2026-08-27T07:02:14Z,546039,1104030,SUCCESS,true,DRY_RUN_SIMULATION
2026-08-27T07:02:14Z,546038,1104029,SUCCESS,true,DRY_RUN_SIMULATION
2026-08-27T07:02:14Z,546037,1104028,SUCCESS,true,DRY_RUN_SIMULATION
2026-08-27T07:02:14Z,546042,1104033,SUCCESS,true,DRY_RUN_SIMULATION
2026-08-27T07:02:14Z,546043,1104034,SUCCESS,true,DRY_RUN_SIMULATION
2026-08-27T07:02:14Z,546040,1104031,SUCCESS,true,DRY_RUN_SIMULATION
2026-08-27T07:02:14Z,546041,1104032,SUCCESS,true,DRY_RUN_SIMULATION
2026-08-27T07:02:14Z,546045,1104036,SUCCESS,true,DRY_RUN_SIMULATION
2026-08-27T07:02:14Z,546044,1104035,SUCCESS,true,DRY_RUN_SIMULATION
2026-08-27T07:02:14Z,545987,1103978,SUCCESS,true,DRY_RUN_SIMULATION
2026-08-27T07:02:14Z,545986,1103977,SUCCESS,true,DRY_RUN_SIMULATION
2026-08-27T07:02:14Z,545989,1103980,SUCCESS,true,DRY_RUN_SIMULATION
2026-08-27T07:02:14Z,545988,1103979,SUCCESS,true,DRY_RUN_SIMULATION
2026-08-27T07:02:14Z,546046,1104037,SUCCESS,true,DRY_RUN_SIMULATION
2026-08-27T07:02:14Z,546047,1104038,SUCCESS,true,DRY_RUN_SIMULATION
2026-08-27T07:02:14Z,545990,1103981,SUCCESS,true,DRY_RUN_SIMULATION
2026-08-27T07:02:14Z,546049,1104040,SUCCESS,true,DRY_RUN_SIMULATION
2026-08-27T07:02:14Z,546048,1104039,SUCCESS,true,DRY_RUN_SIMULATION
2026-08-27T07:02:14Z,545991,1103982,SUCCESS,true,DRY_RUN_SIMULATION
2026-08-27T07:02:14Z,545992,1103983,SUCCESS,true,DRY_RUN_SIMULATION
2026-08-27T07:02:14Z,546050,1104041,SUCCESS,true,DRY_RUN_SIMULATION
2026-08-27T07:02:14Z,546051,1104042,SUCCESS,true,DRY_RUN_SIMULATION
2026-08-27T07:02:14Z,545993,1103984,SUCCESS,true,DRY_RUN_SIMULATION
2026-08-27T07:02:14Z,546052,1104043,SUCCESS,true,DRY_RUN_SIMULATION
2026-08-27T07:02:14Z,546053,1104044,SUCCESS,true,DRY_RUN_SIMULATION
2026-08-27T07:02:14Z,545994,1103985,SUCCESS,true,DRY_RUN_SIMULATION
2026-08-27T07:02:14Z,546054,1104045,SUCCESS,true,DRY_RUN_SIMULATION
2026-08-27T07:02:14Z,545995,1103986,SUCCESS,true,DRY_RUN_SIMULATION
2026-08-27T07:02:14Z,545996,1103987,SUCCESS,true,DRY_RUN_SIMULATION
2026-08-27T07:02:14Z,546055,1104046,SUCCESS,true,DRY_RUN_SIMULATION
2026-08-27T07:02:14Z,546056,1104047,SUCCESS,true,DRY_RUN_SIMULATION
2026-08-27T07:02:14Z,546057,1104048,SUCCESS,true,DRY_RUN_SIMULATION
2026-08-27T07:02:14Z,545997,1103988,SUCCESS,true,DRY_RUN_SIMULATION
2026-08-27T07:02:14Z,546058,1104049,SUCCESS,true,DRY_RUN_SIMULATION
2026-08-27T07:02:14Z,546059,1104050,SUCCESS,true,DRY_RUN_SIMULATION
2026-08-27T07:02:14Z,546060,1104051,SUCCESS,true,DRY_RUN_SIMULATION
2026-08-27T07:02:14Z,545998,1103989,SUCCESS,true,DRY_RUN_SIMULATION
2026-08-27T07:02:14Z,546061,1104052,SUCCESS,true,DRY_RUN_SIMULATION
2026-08-27T07:02:14Z,546062,1104053,SUCCESS,true,DRY_RUN_SIMULATION
2026-08-27T07:02:14Z,546063,1104054,SUCCESS,true,DRY_RUN_SIMULATION
2026-08-27T07:02:14Z,546064,1104055,SUCCESS,true,DRY_RUN_SIMULATION
2026-08-27T07:02:14Z,546065,1104056,SUCCESS,true,DRY_RUN_SIMULATION
2026-08-27T07:02:14Z,546066,1104057,SUCCESS,true,DRY_RUN_SIMULATION
2026-08-27T07:02:14Z,546067,1104058,SUCCESS,true,DRY_RUN_SIMULATION
2026-08-27T07:02:14Z,546068,1104059,SUCCESS,true,DRY_RUN_SIMULATION
2026-08-27T07:02:14Z,546243,1104078,SUCCESS,true,DRY_RUN_SIMULATION
2026-08-27T07:02:14Z,546069,1104060,SUCCESS,true,DRY_RUN_SIMULATION
2026-08-27T07:02:14Z,546070,1104061,SUCCESS,true,DRY_RUN_SIMULATION
2026-08-27T07:02:14Z,546071,1104062,SUCCESS,true,DRY_RUN_SIMULATION
2026-08-27T07:02:14Z,546001,1103992,SUCCESS,true,DRY_RUN_SIMULATION
2026-08-27T07:02:14Z,546000,1103991,SUCCESS,true,DRY_RUN_SIMULATION
2026-08-27T07:02:14Z,545999,1103990,SUCCESS,true,DRY_RUN_SIMULATION
2026-08-27T07:02:14Z,546002,1103993,SUCCESS,true,DRY_RUN_SIMULATION
2026-08-27T07:02:14Z,546004,1103995,SUCCESS,true,DRY_RUN_SIMULATION
2026-08-27T07:02:14Z,546003,1103994,SUCCESS,true,DRY_RUN_SIMULATION
2026-08-27T07:02:14Z,546005,1103996,SUCCESS,true,DRY_RUN_SIMULATION
2026-08-27T07:02:14Z,546006,1103997,SUCCESS,true,DRY_RUN_SIMULATION
2026-08-27T07:02:14Z,546008,1103999,SUCCESS,true,DRY_RUN_SIMULATION
2026-08-27T07:02:14Z,546007,1103998,SUCCESS,true,DRY_RUN_SIMULATION
2026-08-27T07:02:14Z,546009,1104000,SUCCESS,true,DRY_RUN_SIMULATION
2026-08-27T07:02:14Z,546010,1104001,SUCCESS,true,DRY_RUN_SIMULATION
2026-08-27T07:02:14Z,546012,1104003,SUCCESS,true,DRY_RUN_SIMULATION
2026-08-27T07:02:14Z,546011,1104002,SUCCESS,true,DRY_RUN_SIMULATION
2026-08-27T07:02:14Z,546014,1104005,SUCCESS,true,DRY_RUN_SIMULATION
2026-08-27T07:02:14Z,546013,1104004,SUCCESS,true,DRY_RUN_SIMULATION
2026-08-27T07:02:14Z,546016,1104007,SUCCESS,true,DRY_RUN_SIMULATION
2026-08-27T07:02:14Z,546015,1104006,SUCCESS,true,DRY_RUN_SIMULATION
2026-08-27T07:02:14Z,546017,1104008,SUCCESS,true,DRY_RUN_SIMULATION
2026-08-27T07:02:14Z,546018,1104009,SUCCESS,true,DRY_RUN_SIMULATION
2026-08-27T07:02:14Z,546020,1104011,SUCCESS,true,DRY_RUN_SIMULATION
2026-08-27T07:02:14Z,546019,1104010,SUCCESS,true,DRY_RUN_SIMULATION
2026-08-27T07:02:14Z,546021,1104012,SUCCESS,true,DRY_RUN_SIMULATION
2026-08-27T07:02:14Z,546022,1104013,SUCCESS,true,DRY_RUN_SIMULATION
2026-08-27T07:02:14Z,546023,1104014,SUCCESS,true,DRY_RUN_SIMULATION
2026-08-27T07:02:14Z,546024,1104015,SUCCESS,true,DRY_RUN_SIMULATION
2026-08-27T07:02:14Z,546025,1104016,SUCCESS,true,DRY_RUN_SIMULATION
2026-08-27T07:02:14Z,546026,1104017,SUCCESS,true,DRY_RUN_SIMULATION
2026-08-27T07:02:14Z,546027,1104018,SUCCESS,true,DRY_RUN_SIMULATION
2026-08-27T07:02:14Z,546028,1104019,SUCCESS,true,DRY_RUN_SIMULATION
2026-08-27T07:02:14Z,546029,1104020,SUCCESS,true,DRY_RUN_SIMULATION
2026-08-27T07:02:14Z,546030,1104021,SUCCESS,true,DRY_RUN_SIMULATION
2026-08-27T07:02:14Z,546031,1104022,SUCCESS,true,DRY_RUN_SIMULATION
2026-08-27T07:02:14Z,546032,1104023,SUCCESS,true,DRY_RUN_SIMULATION
2026-08-27T07:02:14Z,547285,1104110,SUCCESS,true,DRY_RUN_SIMULATION
2026-08-27T07:02:14Z,547286,1104111,SUCCESS,true,DRY_RUN_SIMULATION
2026-08-27T07:02:14Z,547287,1104112,SUCCESS,true,DRY_RUN_SIMULATION
2026-08-27T07:02:14Z,547288,1104113,SUCCESS,true,DRY_RUN_SIMULATION
2026-08-27T07:02:14Z,546034,1104025,SUCCESS,true,DRY_RUN_SIMULATION
2026-08-27T07:02:14Z,547289,1104114,SUCCESS,true,DRY_RUN_SIMULATION
2026-08-27T07:02:14Z,547290,1104115,SUCCESS,true,DRY_RUN_SIMULATION
2026-08-27T07:02:14Z,546033,1104024,SUCCESS,true,DRY_RUN_SIMULATION
2026-08-27T07:02:14Z,547293,1104119,SUCCESS,true,DRY_RUN_SIMULATION
2026-08-27T07:02:14Z,547294,1104120,SUCCESS,true,DRY_RUN_SIMULATION
2026-08-27T07:02:14Z,547295,1104121,SUCCESS,true,DRY_RUN_SIMULATION
2026-08-27T07:02:14Z,547296,1104122,SUCCESS,true,DRY_RUN_SIMULATION
2026-08-27T07:02:14Z,547297,1104123,SUCCESS,true,DRY_RUN_SIMULATION
2026-08-27T07:02:14Z,546035,1104026,SUCCESS,true,DRY_RUN_SIMULATION
2026-08-27T07:02:14Z,547298,1104124,SUCCESS,true,DRY_RUN_SIMULATION
2026-08-27T07:02:14Z,547299,1104125,SUCCESS,true,DRY_RUN_SIMULATION
2026-08-27T07:02:14Z,547300,1104126,SUCCESS,true,DRY_RUN_SIMULATION
2026-08-27T07:02:14Z,547301,1104127,SUCCESS,true,DRY_RUN_SIMULATION
2026-08-27T07:02:14Z,547302,1104128,SUCCESS,true,DRY_RUN_SIMULATION
2026-08-27T07:02:14Z,547303,1104129,SUCCESS,true,DRY_RUN_SIMULATION
2026-08-27T07:02:14Z,547304,1104130,SUCCESS,true,DRY_RUN_SIMULATION
2026-08-27T07:02:14Z,547306,1104132,SUCCESS,true,DRY_RUN_SIMULATION
2026-08-27T07:02:14Z,547305,1104131,SUCCESS,true,DRY_RUN_SIMULATION
2026-08-27T07:02:14Z,547307,1104133,SUCCESS,true,DRY_RUN_SIMULATION
2026-08-27T07:02:14Z,547308,1104134,SUCCESS,true,DRY_RUN_SIMULATION
2026-08-27T07:02:14Z,547310,1104136,SUCCESS,true,DRY_RUN_SIMULATION
2026-08-27T07:02:14Z,547309,1104135,SUCCESS,true,DRY_RUN_SIMULATION
2026-08-27T07:02:14Z,547311,1104137,SUCCESS,true,DRY_RUN_SIMULATION
2026-08-27T07:02:14Z,547312,1104138,SUCCESS,true,DRY_RUN_SIMULATION
2026-08-27T07:02:14Z,547313,1104139,SUCCESS,true,DRY_RUN_SIMULATION
2026-08-27T07:02:14Z,547314,1104140,SUCCESS,true,DRY_RUN_SIMULATION
2026-08-27T07:02:14Z,547315,1104141,SUCCESS,true,DRY_RUN_SIMULATION
2026-08-27T07:02:14Z,547316,1104142,SUCCESS,true,DRY_RUN_SIMULATION
2026-08-27T07:02:14Z,547317,1104143,SUCCESS,true,DRY_RUN_SIMULATION
2026-08-27T07:02:14Z,547318,1104144,SUCCESS,true,DRY_RUN_SIMULATION
2026-08-27T07:02:14Z,547319,1104145,SUCCESS,true,DRY_RUN_SIMULATION
2026-08-27T07:02:14Z,547320,1104146,SUCCESS,true,DRY_RUN_SIMULATION
2026-08-27T07:02:14Z,547321,1104147,SUCCESS,true,DRY_RUN_SIMULATION
2026-08-27T07:02:14Z,547322,1104148,SUCCESS,true,DRY_RUN_SIMULATION
2026-08-27T07:02:14Z,547324,1104150,SUCCESS,true,DRY_RUN_SIMULATION
2026-08-27T07:02:14Z,547323,1104149,SUCCESS,true,DRY_RUN_SIMULATION
2026-08-27T07:02:14Z,547325,1104151,SUCCESS,true,DRY_RUN_SIMULATION
2026-08-27T07:02:14Z,547326,1104152,SUCCESS,true,DRY_RUN_SIMULATION
2026-08-27T07:02:14Z,547328,1104154,SUCCESS,true,DRY_RUN_SIMULATION
2026-08-27T07:02:14Z,547327,1104153,SUCCESS,true,DRY_RUN_SIMULATION
2026-08-27T07:02:14Z,547329,1104155,SUCCESS,true,DRY_RUN_SIMULATION
2026-08-27T07:02:14Z,547330,1104156,SUCCESS,true,DRY_RUN_SIMULATION
2026-08-27T07:02:14Z,547331,1104157,SUCCESS,true,DRY_RUN_SIMULATION
2026-08-27T07:02:14Z,547332,1104158,SUCCESS,true,DRY_RUN_SIMULATION
2026-08-27T07:02:14Z,547333,1104159,SUCCESS,true,DRY_RUN_SIMULATION
2026-08-27T07:02:14Z,547334,1104160,SUCCESS,true,DRY_RUN_SIMULATION
2026-08-27T07:02:14Z,547335,1104161,SUCCESS,true,DRY_RUN_SIMULATION
2026-08-27T07:02:14Z,547336,1104162,SUCCESS,true,DRY_RUN_SIMULATION
2026-08-27T07:02:14Z,547337,1104163,SUCCESS,true,DRY_RUN_SIMULATION
2026-08-27T07:02:14Z,547338,1104164,SUCCESS,true,DRY_RUN_SIMULATION
2026-08-27T07:02:14Z,547339,1104165,SUCCESS,true,DRY_RUN_SIMULATION
2026-08-27T07:02:14Z,547340,1104166,SUCCESS,true,DRY_RUN_SIMULATION
2026-08-27T07:02:14Z,547267,1104092,SUCCESS,true,DRY_RUN_SIMULATION
2026-08-27T07:02:14Z,547341,1104167,SUCCESS,true,DRY_RUN_SIMULATION
2026-08-27T07:02:14Z,547269,1104094,SUCCESS,true,DRY_RUN_SIMULATION
2026-08-27T07:02:14Z,547268,1104093,SUCCESS,true,DRY_RUN_SIMULATION
2026-08-27T07:02:14Z,547270,1104095,SUCCESS,true,DRY_RUN_SIMULATION
2026-08-27T07:02:14Z,547271,1104096,SUCCESS,true,DRY_RUN_SIMULATION
2026-08-27T07:02:14Z,547273,1104098,SUCCESS,true,DRY_RUN_SIMULATION
2026-08-27T07:02:14Z,547272,1104097,SUCCESS,true,DRY_RUN_SIMULATION
2026-08-27T07:02:14Z,547274,1104099,SUCCESS,true,DRY_RUN_SIMULATION
2026-08-27T07:02:14Z,547275,1104100,SUCCESS,true,DRY_RUN_SIMULATION
2026-08-27T07:02:14Z,547276,1104101,SUCCESS,true,DRY_RUN_SIMULATION
2026-08-27T07:02:14Z,547277,1104102,SUCCESS,true,DRY_RUN_SIMULATION
2026-08-27T07:02:14Z,547278,1104103,SUCCESS,true,DRY_RUN_SIMULATION
2026-08-27T07:02:14Z,547279,1104104,SUCCESS,true,DRY_RUN_SIMULATION
2026-08-27T07:02:14Z,547280,1104105,SUCCESS,true,DRY_RUN_SIMULATION
2026-08-27T07:02:14Z,547281,1104106,SUCCESS,true,DRY_RUN_SIMULATION
2026-08-27T07:02:14Z,547282,1104107,SUCCESS,true,DRY_RUN_SIMULATION
2026-08-27T07:02:14Z,547283,1104108,SUCCESS,true,DRY_RUN_SIMULATION
2026-08-27T07:02:14Z,547284,1104109,SUCCESS,true,DRY_RUN_SIMULATION
2026-08-27T07:02:14Z,547266,1104091,SUCCESS,true,DRY_RUN_SIMULATION
2026-08-27T07:02:14Z,546239,1104081,SUCCESS,true,DRY_RUN_SIMULATION
2026-08-27T07:02:14Z,546224,1104077,SUCCESS,true,DRY_RUN_SIMULATION
2026-08-27T07:02:14Z,546221,1104084,SUCCESS,true,DRY_RUN_SIMULATION
2026-08-27T07:02:14Z,546245,1104082,SUCCESS,true,DRY_RUN_SIMULATION
2026-08-27T07:02:14Z,546222,1104089,SUCCESS,true,DRY_RUN_SIMULATION
2026-08-27T07:02:14Z,546241,1104079,SUCCESS,true,DRY_RUN_SIMULATION
2026-08-27T07:02:14Z,546225,1104085,SUCCESS,true,DRY_RUN_SIMULATION
2026-08-27T07:02:14Z,546223,1104087,SUCCESS,true,DRY_RUN_SIMULATION
2026-08-27T07:02:14Z,546233,1104080,SUCCESS,true,DRY_RUN_SIMULATION
2026-08-27T07:02:14Z,546228,1104086,SUCCESS,true,DRY_RUN_SIMULATION
2026-08-27T07:02:14Z,546235,1104092,SUCCESS,true,DRY_RUN_SIMULATION
2026-08-27T07:02:14Z,546242,1104083,SUCCESS,true,DRY_RUN_SIMULATION
2026-08-27T07:02:14Z,546237,1104088,SUCCESS,true,DRY_RUN_SIMULATION
2026-08-27T07:02:14Z,547011,1103223,SKIPPED_NO_RESUME,false,Candidate profile does not contain a valid resume attachment.
2026-08-27T07:02:14Z,547012,1103226,SKIPPED_NO_RESUME,false,Candidate profile does not contain a valid resume attachment.
2026-08-27T07:02:14Z,547013,1103215,SKIPPED_NO_RESUME,false,Candidate profile does not contain a valid resume attachment.
2026-08-27T07:02:14Z,547010,1103214,SKIPPED_NO_RESUME,false,Candidate profile does not contain a valid resume attachment.
2026-08-27T07:02:14Z,547016,1103220,SKIPPED_NO_RESUME,false,Candidate profile does not contain a valid resume attachment.
2026-08-27T07:02:14Z,547014,1103213,SKIPPED_NO_RESUME,false,Candidate profile does not contain a valid resume attachment.
2026-08-27T07:02:14Z,547017,1103211,SKIPPED_NO_RESUME,false,Candidate profile does not contain a valid resume attachment.
2026-08-27T07:02:14Z,547360,1104251,SUCCESS,true,DRY_RUN_SIMULATION
2026-08-27T07:02:14Z,547018,1103221,SKIPPED_NO_RESUME,false,Candidate profile does not contain a valid resume attachment.
2026-08-27T07:02:14Z,547019,1103219,SKIPPED_NO_RESUME,false,Candidate profile does not contain a valid resume attachment.
2026-08-27T07:02:14Z,547015,1103216,SKIPPED_NO_RESUME,false,Candidate profile does not contain a valid resume attachment.
2026-08-27T07:02:14Z,545620,1103896,SUCCESS,true,DRY_RUN_SIMULATION
2026-08-27T07:02:14Z,545984,1104064,SUCCESS,true,DRY_RUN_SIMULATION
2026-08-27T07:02:14Z,546433,1104190,SUCCESS,true,DRY_RUN_SIMULATION
2026-08-27T07:02:14Z,547027,1104222,SUCCESS,true,DRY_RUN_SIMULATION
2026-08-27T07:02:14Z,547029,1103435,SKIPPED_NO_RESUME,false,Candidate profile does not contain a valid resume attachment.
2026-08-27T07:02:14Z,547032,1103575,SUCCESS,true,DRY_RUN_SIMULATION
2026-08-27T07:02:14Z,547030,1103469,SKIPPED_NO_RESUME,false,Candidate profile does not contain a valid resume attachment.
2026-08-27T07:02:14Z,547034,1103572,SUCCESS,true,DRY_RUN_SIMULATION
2026-08-27T07:02:14Z,547031,1103418,SKIPPED_NO_RESUME,false,Candidate profile does not contain a valid resume attachment.
2026-08-27T07:02:14Z,547033,1103820,SUCCESS,true,DRY_RUN_SIMULATION
2026-08-27T07:02:14Z,547384,1104303,SUCCESS,true,DRY_RUN_SIMULATION
2026-08-27T07:02:14Z,547183,1104268,SUCCESS,true,DRY_RUN_SIMULATION
2026-08-27T07:02:14Z,545441,1103857,SUCCESS,true,DRY_RUN_SIMULATION
2026-08-27T07:02:14Z,547265,1104273,SUCCESS,true,DRY_RUN_SIMULATION
2026-08-27T07:02:14Z,547381,1104294,SUCCESS,true,DRY_RUN_SIMULATION
2026-08-27T07:02:14Z,545442,1103858,SUCCESS,true,DRY_RUN_SIMULATION
2026-08-27T07:02:14Z,545443,1103861,SUCCESS,true,DRY_RUN_SIMULATION
2026-08-27T07:02:14Z,546996,1104191,SUCCESS,true,DRY_RUN_SIMULATION
2026-08-27T07:02:14Z,545444,1103862,SUCCESS,true,DRY_RUN_SIMULATION
2026-08-27T07:02:14Z,545446,1103864,SUCCESS,true,DRY_RUN_SIMULATION
2026-08-27T07:02:14Z,547358,1104244,SUCCESS,true,DRY_RUN_SIMULATION
2026-08-27T07:02:14Z,545836,816480,SKIPPED_NO_RESUME,false,Candidate profile does not contain a valid resume attachment.
2026-08-27T07:02:14Z,545813,884938,SKIPPED_NO_RESUME,false,Candidate profile does not contain a valid resume attachment.
2026-08-27T07:02:14Z,547185,1104269,SUCCESS,true,DRY_RUN_SIMULATION
2026-08-27T07:02:14Z,545619,1103882,SUCCESS,true,DRY_RUN_SIMULATION
2026-08-27T07:02:14Z,545846,25526,SKIPPED_NO_RESUME,false,Candidate profile does not contain a valid resume attachment.
2026-08-27T07:02:14Z,545847,795417,SKIPPED_NO_RESUME,false,Candidate profile does not contain a valid resume attachment.
2026-08-27T07:02:14Z,545867,734585,SKIPPED_NO_RESUME,false,Candidate profile does not contain a valid resume attachment.
2026-08-27T07:02:14Z,545868,777518,SKIPPED_NO_RESUME,false,Candidate profile does not contain a valid resume attachment.
2026-08-27T07:02:14Z,547171,1104251,SUCCESS,true,DRY_RUN_SIMULATION
2026-08-27T07:02:14Z,547174,1104244,SUCCESS,true,DRY_RUN_SIMULATION
2026-08-27T07:02:14Z,545874,817538,SKIPPED_NO_RESUME,false,Candidate profile does not contain a valid resume attachment.
2026-08-27T07:02:14Z,545882,794759,SKIPPED_NO_RESUME,false,Candidate profile does not contain a valid resume attachment.
2026-08-27T07:02:14Z,547170,1104247,SUCCESS,true,DRY_RUN_SIMULATION
2026-08-27T07:02:14Z,545879,737348,SKIPPED_NO_RESUME,false,Candidate profile does not contain a valid resume attachment.
2026-08-27T07:02:14Z,547372,1104290,SUCCESS,true,DRY_RUN_SIMULATION
2026-08-27T07:02:14Z,545834,740313,SKIPPED_NO_RESUME,false,Candidate profile does not contain a valid resume attachment.
2026-08-27T07:02:14Z,547370,1104284,SUCCESS,true,DRY_RUN_SIMULATION
2026-08-27T07:02:14Z,545849,739793,SKIPPED_NO_RESUME,false,Candidate profile does not contain a valid resume attachment.
2026-08-27T07:02:14Z,545799,743662,SKIPPED_NO_RESUME,false,Candidate profile does not contain a valid resume attachment.
2026-08-27T07:02:14Z,545853,559641,SKIPPED_NO_RESUME,false,Candidate profile does not contain a valid resume attachment.
2026-08-27T07:02:14Z,545861,742669,SKIPPED_NO_RESUME,false,Candidate profile does not contain a valid resume attachment.
2026-08-27T07:02:14Z,545871,739811,SKIPPED_NO_RESUME,false,Candidate profile does not contain a valid resume attachment.
2026-08-27T07:02:14Z,545873,743288,SKIPPED_NO_RESUME,false,Candidate profile does not contain a valid resume attachment.
2026-08-27T07:02:14Z,545801,743260,SKIPPED_NO_RESUME,false,Candidate profile does not contain a valid resume attachment.
2026-08-27T07:02:14Z,545863,739774,SKIPPED_NO_RESUME,false,Candidate profile does not contain a valid resume attachment.
2026-08-27T07:02:14Z,545890,740263,SKIPPED_NO_RESUME,false,Candidate profile does not contain a valid resume attachment.
2026-08-27T07:02:14Z,545865,737424,SKIPPED_NO_RESUME,false,Candidate profile does not contain a valid resume attachment.
2026-08-27T07:02:14Z,545894,743762,SKIPPED_NO_RESUME,false,Candidate profile does not contain a valid resume attachment.
2026-08-27T07:02:14Z,545798,737060,SKIPPED_NO_RESUME,false,Candidate profile does not contain a valid resume attachment.
2026-08-27T07:02:14Z,545832,557035,SKIPPED_NO_RESUME,false,Candidate profile does not contain a valid resume attachment.
2026-08-27T07:02:14Z,545844,816482,SKIPPED_NO_RESUME,false,Candidate profile does not contain a valid resume attachment.
2026-08-27T07:02:14Z,545825,732769,SKIPPED_NO_RESUME,false,Candidate profile does not contain a valid resume attachment.
2026-08-27T07:02:14Z,545820,740659,SKIPPED_NO_RESUME,false,Candidate profile does not contain a valid resume attachment.
2026-08-27T07:02:14Z,545831,738248,SKIPPED_NO_RESUME,false,Candidate profile does not contain a valid resume attachment.
2026-08-27T07:02:14Z,545891,742866,SKIPPED_NO_RESUME,false,Candidate profile does not contain a valid resume attachment.
2026-08-27T07:02:14Z,545806,743445,SKIPPED_NO_RESUME,false,Candidate profile does not contain a valid resume attachment.
2026-08-27T07:02:14Z,545808,101417,SKIPPED_NO_RESUME,false,Candidate profile does not contain a valid resume attachment.
2026-08-27T07:02:14Z,545802,739926,SKIPPED_NO_RESUME,false,Candidate profile does not contain a valid resume attachment.
2026-08-27T07:02:14Z,545839,740088,SKIPPED_NO_RESUME,false,Candidate profile does not contain a valid resume attachment.
2026-08-27T07:02:14Z,545840,744157,SKIPPED_NO_RESUME,false,Candidate profile does not contain a valid resume attachment.
2026-08-27T07:02:14Z,545804,692642,SKIPPED_NO_RESUME,false,Candidate profile does not contain a valid resume attachment.
2026-08-27T07:02:14Z,545797,739825,SKIPPED_NO_RESUME,false,Candidate profile does not contain a valid resume attachment.
2026-08-27T07:02:14Z,545807,786811,SKIPPED_NO_RESUME,false,Candidate profile does not contain a valid resume attachment.
2026-08-27T07:02:14Z,545819,632594,SKIPPED_NO_RESUME,false,Candidate profile does not contain a valid resume attachment.
2026-08-27T07:02:14Z,545829,743776,SKIPPED_NO_RESUME,false,Candidate profile does not contain a valid resume attachment.
2026-08-27T07:02:14Z,545850,739746,SKIPPED_NO_RESUME,false,Candidate profile does not contain a valid resume attachment.
2026-08-27T07:02:14Z,545828,740002,SKIPPED_NO_RESUME,false,Candidate profile does not contain a valid resume attachment.
2026-08-27T07:02:14Z,545857,739739,SKIPPED_NO_RESUME,false,Candidate profile does not contain a valid resume attachment.
2026-08-27T07:02:14Z,545845,877873,SKIPPED_NO_RESUME,false,Candidate profile does not contain a valid resume attachment.
2026-08-27T07:02:14Z,545827,740330,SKIPPED_NO_RESUME,false,Candidate profile does not contain a valid resume attachment.
2026-08-27T07:02:14Z,545854,795208,SKIPPED_NO_RESUME,false,Candidate profile does not contain a valid resume attachment.
2026-08-27T07:02:14Z,545852,742091,SKIPPED_NO_RESUME,false,Candidate profile does not contain a valid resume attachment.
2026-08-27T07:02:14Z,545885,41932,SKIPPED_NO_RESUME,false,Candidate profile does not contain a valid resume attachment.
2026-08-27T07:02:14Z,545817,740542,SKIPPED_NO_RESUME,false,Candidate profile does not contain a valid resume attachment.
2026-08-27T07:02:14Z,545866,741595,SKIPPED_NO_RESUME,false,Candidate profile does not contain a valid resume attachment.
2026-08-27T07:02:14Z,545869,740047,SKIPPED_NO_RESUME,false,Candidate profile does not contain a valid resume attachment.
2026-08-27T07:02:14Z,545881,739897,SKIPPED_NO_RESUME,false,Candidate profile does not contain a valid resume attachment.
2026-08-27T07:02:14Z,545814,740026,SKIPPED_NO_RESUME,false,Candidate profile does not contain a valid resume attachment.
2026-08-27T07:02:14Z,545830,743685,SKIPPED_NO_RESUME,false,Candidate profile does not contain a valid resume attachment.
2026-08-27T07:02:14Z,545888,792589,SKIPPED_NO_RESUME,false,Candidate profile does not contain a valid resume attachment.
2026-08-27T07:02:14Z,545858,739713,SKIPPED_NO_RESUME,false,Candidate profile does not contain a valid resume attachment.
2026-08-27T07:02:14Z,545883,795736,SKIPPED_NO_RESUME,false,Candidate profile does not contain a valid resume attachment.
2026-08-27T07:02:14Z,545835,739715,SKIPPED_NO_RESUME,false,Candidate profile does not contain a valid resume attachment.
2026-08-27T07:02:14Z,545811,729968,SKIPPED_NO_RESUME,false,Candidate profile does not contain a valid resume attachment.
2026-08-27T07:02:14Z,545848,740959,SKIPPED_NO_RESUME,false,Candidate profile does not contain a valid resume attachment.
2026-08-27T07:02:14Z,545859,743535,SKIPPED_NO_RESUME,false,Candidate profile does not contain a valid resume attachment.
2026-08-27T07:02:14Z,545816,818186,SKIPPED_NO_RESUME,false,Candidate profile does not contain a valid resume attachment.
2026-08-27T07:02:14Z,545872,741066,SKIPPED_NO_RESUME,false,Candidate profile does not contain a valid resume attachment.
2026-08-27T07:02:14Z,545892,740326,SKIPPED_NO_RESUME,false,Candidate profile does not contain a valid resume attachment.
2026-08-27T07:02:14Z,545833,436110,SKIPPED_NO_RESUME,false,Candidate profile does not contain a valid resume attachment.
2026-08-27T07:02:14Z,545896,818501,SKIPPED_NO_RESUME,false,Candidate profile does not contain a valid resume attachment.
2026-08-27T07:02:14Z,545876,787862,SKIPPED_NO_RESUME,false,Candidate profile does not contain a valid resume attachment.
2026-08-27T07:02:14Z,545856,742819,SKIPPED_NO_RESUME,false,Candidate profile does not contain a valid resume attachment.
2026-08-27T07:02:14Z,545887,742371,SKIPPED_NO_RESUME,false,Candidate profile does not contain a valid resume attachment.
2026-08-27T07:02:14Z,545824,729619,SKIPPED_NO_RESUME,false,Candidate profile does not contain a valid resume attachment.
2026-08-27T07:02:14Z,545875,795800,SKIPPED_NO_RESUME,false,Candidate profile does not contain a valid resume attachment.
2026-08-27T07:02:14Z,545895,739863,SKIPPED_NO_RESUME,false,Candidate profile does not contain a valid resume attachment.
2026-08-27T07:02:14Z,546275,1104102,SUCCESS,true,DRY_RUN_SIMULATION
2026-08-27T07:02:14Z,546276,1104103,SUCCESS,true,DRY_RUN_SIMULATION
2026-08-27T07:02:14Z,546277,1104104,SUCCESS,true,DRY_RUN_SIMULATION
2026-08-27T07:02:14Z,546285,1104112,SUCCESS,true,DRY_RUN_SIMULATION
2026-08-27T07:02:14Z,546284,1104111,SUCCESS,true,DRY_RUN_SIMULATION
2026-08-27T07:02:14Z,546250,1104077,SUCCESS,true,DRY_RUN_SIMULATION
2026-08-27T07:02:14Z,546286,1104113,SUCCESS,true,DRY_RUN_SIMULATION
2026-08-27T07:02:14Z,546251,1104078,SUCCESS,true,DRY_RUN_SIMULATION
2026-08-27T07:02:14Z,545864,741074,SKIPPED_NO_RESUME,false,Candidate profile does not contain a valid resume attachment.
2026-08-27T07:02:14Z,546252,1104079,SUCCESS,true,DRY_RUN_SIMULATION
2026-08-27T07:02:14Z,546282,1104109,SUCCESS,true,DRY_RUN_SIMULATION
2026-08-27T07:02:14Z,546281,1104108,SUCCESS,true,DRY_RUN_SIMULATION
2026-08-27T07:02:14Z,546253,1104080,SUCCESS,true,DRY_RUN_SIMULATION
2026-08-27T07:02:14Z,546283,1104110,SUCCESS,true,DRY_RUN_SIMULATION
2026-08-27T07:02:14Z,546278,1104105,SUCCESS,true,DRY_RUN_SIMULATION
2026-08-27T07:02:14Z,546279,1104106,SUCCESS,true,DRY_RUN_SIMULATION
2026-08-27T07:02:14Z,545822,739874,SKIPPED_NO_RESUME,false,Candidate profile does not contain a valid resume attachment.
2026-08-27T07:02:14Z,546280,1104107,SUCCESS,true,DRY_RUN_SIMULATION
2026-08-27T07:02:14Z,546255,1104082,SUCCESS,true,DRY_RUN_SIMULATION
2026-08-27T07:02:14Z,546254,1104081,SUCCESS,true,DRY_RUN_SIMULATION
2026-08-27T07:02:14Z,546256,1104083,SUCCESS,true,DRY_RUN_SIMULATION
2026-08-27T07:02:14Z,547001,1103350,SKIPPED_NO_RESUME,false,Candidate profile does not contain a valid resume attachment.
2026-08-27T07:02:14Z,547175,1104261,SUCCESS,true,DRY_RUN_SIMULATION
2026-08-27T07:02:14Z,547173,1104259,SUCCESS,true,DRY_RUN_SIMULATION
2026-08-27T07:02:14Z,545616,1103895,SUCCESS,true,DRY_RUN_SIMULATION
2026-08-27T07:02:14Z,547002,1103229,SKIPPED_NO_RESUME,false,Candidate profile does not contain a valid resume attachment.
2026-08-27T07:02:14Z,547004,1103321,SKIPPED_NO_RESUME,false,Candidate profile does not contain a valid resume attachment.
2026-08-27T07:02:14Z,547003,1103370,SKIPPED_NO_RESUME,false,Candidate profile does not contain a valid resume attachment.
2026-08-27T07:02:14Z,547005,1103230,SKIPPED_NO_RESUME,false,Candidate profile does not contain a valid resume attachment.
2026-08-27T07:02:14Z,547006,1103297,SKIPPED_NO_RESUME,false,Candidate profile does not contain a valid resume attachment.
2026-08-27T07:02:14Z,547007,1103274,SKIPPED_NO_RESUME,false,Candidate profile does not contain a valid resume attachment.
2026-08-27T07:02:14Z,547008,1103212,SKIPPED_NO_RESUME,false,Candidate profile does not contain a valid resume attachment.
2026-08-27T07:02:14Z,547009,1103383,SKIPPED_NO_RESUME,false,Candidate profile does not contain a valid resume attachment.
2026-08-27T07:02:14Z,545612,1103892,SUCCESS,true,DRY_RUN_SIMULATION
2026-08-27T07:02:14Z,547363,1104245,SUCCESS,true,DRY_RUN_SIMULATION
2026-08-27T07:02:14Z,547349,1104277,SUCCESS,true,DRY_RUN_SIMULATION
2026-08-27T07:02:14Z,547362,1104280,SUCCESS,true,DRY_RUN_SIMULATION
2026-08-27T07:02:14Z,547364,1104243,SUCCESS,true,DRY_RUN_SIMULATION
2026-08-27T07:02:14Z,547365,1104249,SUCCESS,true,DRY_RUN_SIMULATION
2026-08-27T07:02:14Z,547386,1103214,SKIPPED_NO_RESUME,false,Candidate profile does not contain a valid resume attachment.
2026-08-27T07:02:14Z,547387,1103213,SKIPPED_NO_RESUME,false,Candidate profile does not contain a valid resume attachment.
2026-08-27T07:02:14Z,547388,1103211,SKIPPED_NO_RESUME,false,Candidate profile does not contain a valid resume attachment.
2026-08-27T07:02:14Z,547389,1103215,SKIPPED_NO_RESUME,false,Candidate profile does not contain a valid resume attachment.
2026-08-27T07:02:14Z,547390,1103219,SKIPPED_NO_RESUME,false,Candidate profile does not contain a valid resume attachment.
2026-08-27T07:02:14Z,547382,1104301,SUCCESS,true,DRY_RUN_SIMULATION
2026-08-27T07:02:14Z,547391,1103216,SKIPPED_NO_RESUME,false,Candidate profile does not contain a valid resume attachment.
2026-08-27T07:02:14Z,547366,1104281,SUCCESS,true,DRY_RUN_SIMULATION
2026-08-27T07:02:14Z,547369,1104283,SUCCESS,true,DRY_RUN_SIMULATION
2026-08-27T07:02:14Z,547392,1104304,SUCCESS,true,DRY_RUN_SIMULATION
2026-08-27T07:02:14Z,547401,1104325,SUCCESS,true,DRY_RUN_SIMULATION
2026-08-27T07:02:14Z,545434,366299,SUCCESS,true,DRY_RUN_SIMULATION
2026-08-27T07:02:14Z,547342,1104275,SUCCESS,true,DRY_RUN_SIMULATION
2026-08-27T07:02:14Z,547052,1104088,SUCCESS,true,DRY_RUN_SIMULATION
2026-08-27T07:02:14Z,547050,1104086,SUCCESS,true,DRY_RUN_SIMULATION
2026-08-27T07:02:14Z,547044,1104080,SUCCESS,true,DRY_RUN_SIMULATION
2026-08-27T07:02:14Z,547047,1104083,SUCCESS,true,DRY_RUN_SIMULATION
2026-08-27T07:02:14Z,547181,1104268,SUCCESS,true,DRY_RUN_SIMULATION
2026-08-27T07:02:14Z,547373,1104286,SUCCESS,true,DRY_RUN_SIMULATION
2026-08-27T07:02:14Z,545617,1103734,SUCCESS,true,DRY_RUN_SIMULATION
2026-08-27T07:02:14Z,547145,1104242,SUCCESS,true,DRY_RUN_SIMULATION
2026-08-27T07:02:14Z,547144,1104241,SUCCESS,true,DRY_RUN_SIMULATION
2026-08-27T07:02:14Z,547415,1104243,SUCCESS,true,DRY_RUN_SIMULATION
2026-08-27T07:02:14Z,547414,838120,SKIPPED_NO_RESUME,false,Candidate profile does not contain a valid resume attachment.
2026-08-27T07:02:14Z,547133,1104234,SUCCESS,true,DRY_RUN_SIMULATION
2026-08-27T07:02:14Z,547148,1104246,SUCCESS,true,DRY_RUN_SIMULATION
2026-08-27T07:02:14Z,545428,1103832,SUCCESS,true,DRY_RUN_SIMULATION
2026-08-27T07:02:14Z,546430,1104179,SUCCESS,true,DRY_RUN_SIMULATION
2026-08-27T07:02:14Z,545432,1103839,SUCCESS,true,DRY_RUN_SIMULATION
2026-08-27T07:02:14Z,545440,1103735,SUCCESS,true,DRY_RUN_SIMULATION
2026-08-27T07:02:14Z,546431,1104180,SUCCESS,true,DRY_RUN_SIMULATION
2026-08-27T07:02:14Z,546432,1104185,SUCCESS,true,DRY_RUN_SIMULATION
2026-08-27T07:02:14Z,547132,1104231,SUCCESS,true,DRY_RUN_SIMULATION
2026-08-27T07:02:14Z,547139,1104239,SUCCESS,true,DRY_RUN_SIMULATION
2026-08-27T07:02:14Z,547028,1103541,SUCCESS,true,DRY_RUN_SIMULATION
2026-08-27T07:02:14Z,547151,1104247,SUCCESS,true,DRY_RUN_SIMULATION
2026-08-27T07:02:14Z,547152,1104241,SUCCESS,true,DRY_RUN_SIMULATION
2026-08-27T07:02:14Z,545614,1103892,SUCCESS,true,DRY_RUN_SIMULATION
2026-08-27T07:02:14Z,547359,1104247,SUCCESS,true,DRY_RUN_SIMULATION
2026-08-27T07:02:14Z,547168,1104241,SUCCESS,true,DRY_RUN_SIMULATION
2026-08-27T07:02:14Z,547413,1104318,SUCCESS,true,DRY_RUN_SIMULATION
2026-08-27T07:02:14Z,547412,1104319,SUCCESS,true,DRY_RUN_SIMULATION
2026-08-27T07:02:14Z,547357,1104240,SUCCESS,true,DRY_RUN_SIMULATION
2026-08-27T07:02:14Z,547167,1104240,SUCCESS,true,DRY_RUN_SIMULATION
2026-08-27T07:02:14Z,547164,1104245,SUCCESS,true,DRY_RUN_SIMULATION
2026-08-27T07:02:14Z,547166,1104249,SUCCESS,true,DRY_RUN_SIMULATION
2026-08-27T07:02:14Z,547177,1104260,SUCCESS,true,DRY_RUN_SIMULATION
2026-08-27T07:02:14Z,545518,1103735,SUCCESS,true,DRY_RUN_SIMULATION
2026-08-27T07:02:14Z,547143,1104240,SUCCESS,true,DRY_RUN_SIMULATION
2026-08-27T07:02:14Z,545445,1103863,SUCCESS,true,DRY_RUN_SIMULATION
2026-08-27T07:02:14Z,545608,1103886,SUCCESS,true,DRY_RUN_SIMULATION
2026-08-27T07:02:14Z,545723,1103904,SUCCESS,true,DRY_RUN_SIMULATION
2026-08-27T07:02:14Z,545618,1103881,SUCCESS,true,DRY_RUN_SIMULATION
2026-08-27T07:02:14Z,547020,1104074,SUCCESS,true,DRY_RUN_SIMULATION
2026-08-27T07:02:14Z,547021,1103394,SKIPPED_NO_RESUME,false,Candidate profile does not contain a valid resume attachment.
2026-08-27T07:02:14Z,547022,1103400,SKIPPED_NO_RESUME,false,Candidate profile does not contain a valid resume attachment.
2026-08-27T07:02:14Z,547023,1103491,SKIPPED_NO_RESUME,false,Candidate profile does not contain a valid resume attachment.
2026-08-27T07:02:14Z,547361,1104280,SUCCESS,true,DRY_RUN_SIMULATION
2026-08-27T07:02:14Z,547024,1103490,SKIPPED_NO_RESUME,false,Candidate profile does not contain a valid resume attachment.
2026-08-27T07:02:14Z,547025,1103399,SKIPPED_NO_RESUME,false,Candidate profile does not contain a valid resume attachment.
2026-08-27T07:02:14Z,547368,1104260,SUCCESS,true,DRY_RUN_SIMULATION
2026-08-27T07:02:14Z,547026,1103395,SKIPPED_NO_RESUME,false,Candidate profile does not contain a valid resume attachment.
2026-08-27T07:02:14Z,546997,1104191,SUCCESS,true,DRY_RUN_SIMULATION
2026-08-27T07:02:14Z,547346,1104275,SUCCESS,true,DRY_RUN_SIMULATION
2026-08-27T07:02:14Z,546434,1104191,SUCCESS,true,DRY_RUN_SIMULATION
2026-08-27T07:02:14Z,547367,1104282,SUCCESS,true,DRY_RUN_SIMULATION
2026-08-27T07:02:14Z,545429,1103834,SUCCESS,true,DRY_RUN_SIMULATION
2026-08-27T07:02:14Z,547403,1104312,SUCCESS,true,DRY_RUN_SIMULATION
2026-08-27T07:02:14Z,547427,1104375,SUCCESS,true,DRY_RUN_SIMULATION
2026-08-27T07:02:14Z,547428,1104375,SUCCESS,true,DRY_RUN_SIMULATION
2026-08-27T07:02:14Z,547394,1104306,SUCCESS,true,DRY_RUN_SIMULATION
2026-08-27T07:02:14Z,547430,1104377,SUCCESS,true,DRY_RUN_SIMULATION
2026-08-27T07:02:14Z,547423,1104402,SUCCESS,true,DRY_RUN_SIMULATION
2026-08-27T07:02:14Z,546533,1104116,SUCCESS,true,DRY_RUN_SIMULATION
2026-08-27T07:02:14Z,547291,1104116,SUCCESS,true,DRY_RUN_SIMULATION
2026-08-27T07:02:14Z,546234,1104116,SUCCESS,true,DRY_RUN_SIMULATION
2026-08-27T07:02:14Z,547080,1104116,SUCCESS,true,DRY_RUN_SIMULATION
2026-08-27T07:02:14Z,547292,1104118,SUCCESS,true,DRY_RUN_SIMULATION
2026-08-27T07:02:14Z,546535,1104118,SUCCESS,true,DRY_RUN_SIMULATION
2026-08-27T07:02:14Z,546508,1104116,SUCCESS,true,DRY_RUN_SIMULATION
2026-08-27T07:02:14Z,546511,1104118,SUCCESS,true,DRY_RUN_SIMULATION
2026-08-27T07:02:14Z,546158,1104118,SUCCESS,true,DRY_RUN_SIMULATION
2026-08-27T07:02:14Z,546289,1104116,SUCCESS,true,DRY_RUN_SIMULATION
2026-08-27T07:02:14Z,546290,1104118,SUCCESS,true,DRY_RUN_SIMULATION
2026-08-27T07:02:14Z,546647,1104116,SUCCESS,true,DRY_RUN_SIMULATION
2026-08-27T07:02:14Z,546650,1104118,SUCCESS,true,DRY_RUN_SIMULATION
2026-08-27T07:02:14Z,546379,1104116,SUCCESS,true,DRY_RUN_SIMULATION
2026-08-27T07:02:14Z,546380,1104118,SUCCESS,true,DRY_RUN_SIMULATION
2026-08-27T07:02:14Z,547081,1104118,SUCCESS,true,DRY_RUN_SIMULATION
2026-08-27T07:02:14Z,547189,1104094,SUCCESS,true,DRY_RUN_SIMULATION
2026-08-27T07:02:14Z,547190,1104095,SUCCESS,true,DRY_RUN_SIMULATION
2026-08-27T07:02:14Z,547191,1104096,SUCCESS,true,DRY_RUN_SIMULATION
2026-08-27T07:02:14Z,547192,1104097,SUCCESS,true,DRY_RUN_SIMULATION
2026-08-27T07:02:14Z,547194,1104099,SUCCESS,true,DRY_RUN_SIMULATION
2026-08-27T07:02:14Z,547195,1104100,SUCCESS,true,DRY_RUN_SIMULATION
2026-08-27T07:02:14Z,547196,1104101,SUCCESS,true,DRY_RUN_SIMULATION
2026-08-27T07:02:14Z,547155,1104250,SUCCESS,true,DRY_RUN_SIMULATION
2026-08-27T07:02:14Z,547434,1104409,SUCCESS,true,DRY_RUN_SIMULATION
2026-08-27T07:02:14Z,547433,1104408,SUCCESS,true,DRY_RUN_SIMULATION
2026-08-27T07:02:14Z,547197,1104102,SUCCESS,true,DRY_RUN_SIMULATION
2026-08-27T07:02:14Z,547198,1104103,SUCCESS,true,DRY_RUN_SIMULATION
2026-08-27T07:02:14Z,547199,1104104,SUCCESS,true,DRY_RUN_SIMULATION
2026-08-27T07:02:14Z,547200,1104105,SUCCESS,true,DRY_RUN_SIMULATION
2026-08-27T07:02:14Z,547201,1104106,SUCCESS,true,DRY_RUN_SIMULATION
2026-08-27T07:02:14Z,547202,1104107,SUCCESS,true,DRY_RUN_SIMULATION
2026-08-27T07:02:14Z,547203,1104108,SUCCESS,true,DRY_RUN_SIMULATION
2026-08-27T07:02:14Z,547204,1104109,SUCCESS,true,DRY_RUN_SIMULATION
2026-08-27T07:02:14Z,547205,1104110,SUCCESS,true,DRY_RUN_SIMULATION
2026-08-27T07:02:14Z,547206,1104111,SUCCESS,true,DRY_RUN_SIMULATION
2026-08-27T07:02:14Z,547207,1104112,SUCCESS,true,DRY_RUN_SIMULATION
2026-08-27T07:02:14Z,547208,1104113,SUCCESS,true,DRY_RUN_SIMULATION
2026-08-27T07:02:14Z,547209,1104114,SUCCESS,true,DRY_RUN_SIMULATION
2026-08-27T07:02:14Z,547210,1104115,SUCCESS,true,DRY_RUN_SIMULATION
2026-08-27T07:02:14Z,547213,1104119,SUCCESS,true,DRY_RUN_SIMULATION
2026-08-27T07:02:14Z,547214,1104120,SUCCESS,true,DRY_RUN_SIMULATION
2026-08-27T07:02:14Z,547215,1104121,SUCCESS,true,DRY_RUN_SIMULATION
2026-08-27T07:02:14Z,547216,1104122,SUCCESS,true,DRY_RUN_SIMULATION
2026-08-27T07:02:14Z,547217,1104123,SUCCESS,true,DRY_RUN_SIMULATION
2026-08-27T07:02:14Z,547218,1104124,SUCCESS,true,DRY_RUN_SIMULATION
2026-08-27T07:02:14Z,547219,1104125,SUCCESS,true,DRY_RUN_SIMULATION
2026-08-27T07:02:14Z,547220,1104126,SUCCESS,true,DRY_RUN_SIMULATION
2026-08-27T07:02:14Z,547221,1104127,SUCCESS,true,DRY_RUN_SIMULATION
2026-08-27T07:02:14Z,547222,1104128,SUCCESS,true,DRY_RUN_SIMULATION
2026-08-27T07:02:14Z,547223,1104129,SUCCESS,true,DRY_RUN_SIMULATION
2026-08-27T07:02:14Z,547224,1104130,SUCCESS,true,DRY_RUN_SIMULATION
2026-08-27T07:02:14Z,547225,1104131,SUCCESS,true,DRY_RUN_SIMULATION
2026-08-27T07:02:14Z,547226,1104132,SUCCESS,true,DRY_RUN_SIMULATION
2026-08-27T07:02:14Z,547227,1104133,SUCCESS,true,DRY_RUN_SIMULATION
2026-08-27T07:02:14Z,547228,1104134,SUCCESS,true,DRY_RUN_SIMULATION
2026-08-27T07:02:14Z,547229,1104135,SUCCESS,true,DRY_RUN_SIMULATION
2026-08-27T07:02:14Z,547230,1104136,SUCCESS,true,DRY_RUN_SIMULATION
2026-08-27T07:02:14Z,547231,1104137,SUCCESS,true,DRY_RUN_SIMULATION
2026-08-27T07:02:14Z,547232,1104138,SUCCESS,true,DRY_RUN_SIMULATION
2026-08-27T07:02:14Z,547233,1104139,SUCCESS,true,DRY_RUN_SIMULATION
2026-08-27T07:02:14Z,547234,1104140,SUCCESS,true,DRY_RUN_SIMULATION
2026-08-27T07:02:14Z,547235,1104141,SUCCESS,true,DRY_RUN_SIMULATION
2026-08-27T07:02:14Z,547236,1104142,SUCCESS,true,DRY_RUN_SIMULATION
2026-08-27T07:02:14Z,547237,1104143,SUCCESS,true,DRY_RUN_SIMULATION
2026-08-27T07:02:14Z,547239,1104145,SUCCESS,true,DRY_RUN_SIMULATION
2026-08-27T07:02:14Z,547238,1104144,SUCCESS,true,DRY_RUN_SIMULATION
2026-08-27T07:02:14Z,547240,1104146,SUCCESS,true,DRY_RUN_SIMULATION
2026-08-27T07:02:14Z,547241,1104147,SUCCESS,true,DRY_RUN_SIMULATION
2026-08-27T07:02:14Z,547243,1104149,SUCCESS,true,DRY_RUN_SIMULATION
2026-08-27T07:02:14Z,547244,1104150,SUCCESS,true,DRY_RUN_SIMULATION
2026-08-27T07:02:14Z,547242,1104148,SUCCESS,true,DRY_RUN_SIMULATION
2026-08-27T07:02:14Z,547245,1104151,SUCCESS,true,DRY_RUN_SIMULATION
2026-08-27T07:02:14Z,547248,1104154,SUCCESS,true,DRY_RUN_SIMULATION
2026-08-27T07:02:14Z,547246,1104152,SUCCESS,true,DRY_RUN_SIMULATION
2026-08-27T07:02:14Z,547247,1104153,SUCCESS,true,DRY_RUN_SIMULATION
2026-08-27T07:02:14Z,547249,1104155,SUCCESS,true,DRY_RUN_SIMULATION
2026-08-27T07:02:14Z,547252,1104158,SUCCESS,true,DRY_RUN_SIMULATION
2026-08-27T07:02:14Z,547250,1104156,SUCCESS,true,DRY_RUN_SIMULATION
2026-08-27T07:02:14Z,547251,1104157,SUCCESS,true,DRY_RUN_SIMULATION
2026-08-27T07:02:14Z,547253,1104159,SUCCESS,true,DRY_RUN_SIMULATION
2026-08-27T07:02:14Z,547254,1104160,SUCCESS,true,DRY_RUN_SIMULATION
2026-08-27T07:02:14Z,547255,1104161,SUCCESS,true,DRY_RUN_SIMULATION
2026-08-27T07:02:14Z,547256,1104162,SUCCESS,true,DRY_RUN_SIMULATION
2026-08-27T07:02:14Z,547257,1104163,SUCCESS,true,DRY_RUN_SIMULATION
2026-08-27T07:02:14Z,547258,1104164,SUCCESS,true,DRY_RUN_SIMULATION
2026-08-27T07:02:14Z,547259,1104165,SUCCESS,true,DRY_RUN_SIMULATION
2026-08-27T07:02:14Z,547260,1104166,SUCCESS,true,DRY_RUN_SIMULATION
2026-08-27T07:02:14Z,547261,1104167,SUCCESS,true,DRY_RUN_SIMULATION
2026-08-27T07:02:14Z,547187,1104092,SUCCESS,true,DRY_RUN_SIMULATION
2026-08-27T07:02:14Z,547188,1104093,SUCCESS,true,DRY_RUN_SIMULATION
2026-08-27T07:02:14Z,547186,1104091,SUCCESS,true,DRY_RUN_SIMULATION
2026-08-27T07:02:14Z,547149,1104244,SUCCESS,true,DRY_RUN_SIMULATION
2026-08-27T07:02:14Z,547193,1104098,SUCCESS,true,DRY_RUN_SIMULATION
2026-08-27T07:02:14Z,547211,1104116,SUCCESS,true,DRY_RUN_SIMULATION
2026-08-27T07:02:14Z,547212,1104118,SUCCESS,true,DRY_RUN_SIMULATION
2026-08-27T07:02:14Z,547462,1104167,SUCCESS,true,DRY_RUN_SIMULATION
2026-08-27T07:02:14Z,547463,1104282,SUCCESS,true,DRY_RUN_SIMULATION
2026-08-27T07:02:14Z,547153,1104248,SUCCESS,true,DRY_RUN_SIMULATION
2026-08-27T07:02:14Z,545449,1103867,SUCCESS,true,DRY_RUN_SIMULATION
2026-08-27T07:02:14Z,547461,1104106,SUCCESS,true,DRY_RUN_SIMULATION
2026-08-27T07:02:14Z,547464,1104292,SUCCESS,true,DRY_RUN_SIMULATION
2026-08-27T07:02:14Z,547465,1104293,SUCCESS,true,DRY_RUN_SIMULATION
2026-08-27T07:02:14Z,547355,1104279,SUCCESS,true,DRY_RUN_SIMULATION
2026-08-27T07:02:14Z,547470,1104418,SUCCESS,true,DRY_RUN_SIMULATION
2026-08-27T07:02:14Z,546257,1104084,SUCCESS,true,DRY_RUN_SIMULATION
2026-08-27T07:02:14Z,547448,1104132,SUCCESS,true,DRY_RUN_SIMULATION
2026-08-27T07:02:14Z,547458,1104282,SUCCESS,true,DRY_RUN_SIMULATION
2026-08-27T07:02:14Z,547471,1104429,SUCCESS,true,DRY_RUN_SIMULATION
2026-08-27T07:02:14Z,547474,1104078,SUCCESS,true,DRY_RUN_SIMULATION
2026-08-27T07:02:14Z,547559,1103606,SUCCESS,true,DRY_RUN_SIMULATION
2026-08-27T07:02:14Z,547182,1104236,SUCCESS,true,DRY_RUN_SIMULATION
2026-08-27T07:02:14Z,547442,1104106,SUCCESS,true,DRY_RUN_SIMULATION
2026-08-27T07:02:14Z,547472,1104430,SUCCESS,true,DRY_RUN_SIMULATION
2026-08-27T07:02:14Z,547374,1104282,SUCCESS,true,DRY_RUN_SIMULATION
2026-08-27T07:02:14Z,547441,1104167,SUCCESS,true,DRY_RUN_SIMULATION
2026-08-27T07:02:14Z,547558,70944,SKIPPED_NO_RESUME,false,Candidate profile does not contain a valid resume attachment.
2026-08-27T07:02:14Z,547377,1104292,SUCCESS,true,DRY_RUN_SIMULATION
2026-08-27T07:02:14Z,547378,1104293,SUCCESS,true,DRY_RUN_SIMULATION
2026-08-27T07:02:14Z,547527,1104138,SUCCESS,true,DRY_RUN_SIMULATION
2026-08-27T07:02:14Z,547528,1104139,SUCCESS,true,DRY_RUN_SIMULATION
2026-08-27T07:02:14Z,547409,1103830,SUCCESS,true,DRY_RUN_SIMULATION
2026-08-27T07:02:14Z,547466,1104168,SUCCESS,true,DRY_RUN_SIMULATION
2026-08-27T07:02:14Z,547529,1104140,SUCCESS,true,DRY_RUN_SIMULATION
2026-08-27T07:02:14Z,547500,1104095,SUCCESS,true,DRY_RUN_SIMULATION
2026-08-27T07:02:14Z,547530,1104141,SUCCESS,true,DRY_RUN_SIMULATION
2026-08-27T07:02:14Z,547531,1104142,SUCCESS,true,DRY_RUN_SIMULATION
2026-08-27T07:02:14Z,547532,1104143,SUCCESS,true,DRY_RUN_SIMULATION
2026-08-27T07:02:14Z,547504,1104099,SUCCESS,true,DRY_RUN_SIMULATION
2026-08-27T07:02:14Z,547533,1104144,SUCCESS,true,DRY_RUN_SIMULATION
2026-08-27T07:02:14Z,547534,1104145,SUCCESS,true,DRY_RUN_SIMULATION
2026-08-27T07:02:14Z,547482,1104104,SUCCESS,true,DRY_RUN_SIMULATION
2026-08-27T07:02:14Z,547535,1104146,SUCCESS,true,DRY_RUN_SIMULATION
2026-08-27T07:02:14Z,547481,1104103,SUCCESS,true,DRY_RUN_SIMULATION
2026-08-27T07:02:14Z,547537,1104148,SUCCESS,true,DRY_RUN_SIMULATION
2026-08-27T07:02:14Z,547486,1104110,SUCCESS,true,DRY_RUN_SIMULATION
2026-08-27T07:02:14Z,547536,1104147,SUCCESS,true,DRY_RUN_SIMULATION
2026-08-27T07:02:14Z,547538,1104149,SUCCESS,true,DRY_RUN_SIMULATION
2026-08-27T07:02:14Z,547540,1104151,SUCCESS,true,DRY_RUN_SIMULATION
2026-08-27T07:02:14Z,547541,1104152,SUCCESS,true,DRY_RUN_SIMULATION
2026-08-27T07:02:14Z,547539,1104150,SUCCESS,true,DRY_RUN_SIMULATION
2026-08-27T07:02:14Z,547542,1104153,SUCCESS,true,DRY_RUN_SIMULATION
2026-08-27T07:02:14Z,547509,1104119,SUCCESS,true,DRY_RUN_SIMULATION
2026-08-27T07:02:14Z,547543,1104154,SUCCESS,true,DRY_RUN_SIMULATION
2026-08-27T07:02:14Z,547507,1104114,SUCCESS,true,DRY_RUN_SIMULATION
2026-08-27T07:02:14Z,547544,1104155,SUCCESS,true,DRY_RUN_SIMULATION
2026-08-27T07:02:14Z,547510,1104120,SUCCESS,true,DRY_RUN_SIMULATION
2026-08-27T07:02:14Z,547545,1104156,SUCCESS,true,DRY_RUN_SIMULATION
2026-08-27T07:02:14Z,547512,1104122,SUCCESS,true,DRY_RUN_SIMULATION
2026-08-27T07:02:14Z,547546,1104157,SUCCESS,true,DRY_RUN_SIMULATION
2026-08-27T07:02:14Z,547547,1104158,SUCCESS,true,DRY_RUN_SIMULATION
2026-08-27T07:02:14Z,547511,1104121,SUCCESS,true,DRY_RUN_SIMULATION
2026-08-27T07:02:14Z,547549,1104160,SUCCESS,true,DRY_RUN_SIMULATION
2026-08-27T07:02:14Z,547548,1104159,SUCCESS,true,DRY_RUN_SIMULATION
2026-08-27T07:02:14Z,547513,1104123,SUCCESS,true,DRY_RUN_SIMULATION
2026-08-27T07:02:14Z,547514,1104124,SUCCESS,true,DRY_RUN_SIMULATION
2026-08-27T07:02:14Z,547515,1104125,SUCCESS,true,DRY_RUN_SIMULATION
2026-08-27T07:02:14Z,547550,1104161,SUCCESS,true,DRY_RUN_SIMULATION
2026-08-27T07:02:14Z,547516,1104126,SUCCESS,true,DRY_RUN_SIMULATION
2026-08-27T07:02:14Z,547551,1104162,SUCCESS,true,DRY_RUN_SIMULATION
2026-08-27T07:02:14Z,547553,1104164,SUCCESS,true,DRY_RUN_SIMULATION
2026-08-27T07:02:14Z,547552,1104163,SUCCESS,true,DRY_RUN_SIMULATION
2026-08-27T07:02:14Z,547554,1104165,SUCCESS,true,DRY_RUN_SIMULATION
2026-08-27T07:02:14Z,547518,1104128,SUCCESS,true,DRY_RUN_SIMULATION
2026-08-27T07:02:14Z,547517,1104127,SUCCESS,true,DRY_RUN_SIMULATION
2026-08-27T07:02:14Z,547519,1104129,SUCCESS,true,DRY_RUN_SIMULATION
2026-08-27T07:02:14Z,547457,1104167,SUCCESS,true,DRY_RUN_SIMULATION
2026-08-27T07:02:14Z,547520,1104130,SUCCESS,true,DRY_RUN_SIMULATION
2026-08-27T07:02:14Z,547555,1104166,SUCCESS,true,DRY_RUN_SIMULATION
2026-08-27T07:02:14Z,547521,1104131,SUCCESS,true,DRY_RUN_SIMULATION
2026-08-27T07:02:14Z,547447,1104087,SUCCESS,true,DRY_RUN_SIMULATION
2026-08-27T07:02:14Z,547475,1104079,SUCCESS,true,DRY_RUN_SIMULATION
2026-08-27T07:02:14Z,547449,1104108,SUCCESS,true,DRY_RUN_SIMULATION
2026-08-27T07:02:14Z,547473,1104077,SUCCESS,true,DRY_RUN_SIMULATION
2026-08-27T07:02:14Z,547479,1104083,SUCCESS,true,DRY_RUN_SIMULATION
2026-08-27T07:02:14Z,547477,1104081,SUCCESS,true,DRY_RUN_SIMULATION
2026-08-27T07:02:14Z,547491,1104085,SUCCESS,true,DRY_RUN_SIMULATION
2026-08-27T07:02:14Z,547476,1104080,SUCCESS,true,DRY_RUN_SIMULATION
2026-08-27T07:02:14Z,547495,1104090,SUCCESS,true,DRY_RUN_SIMULATION
2026-08-27T07:02:14Z,547494,1104089,SUCCESS,true,DRY_RUN_SIMULATION
2026-08-27T07:02:14Z,547492,1104086,SUCCESS,true,DRY_RUN_SIMULATION
2026-08-27T07:02:14Z,547493,1104088,SUCCESS,true,DRY_RUN_SIMULATION
2026-08-27T07:02:14Z,547526,1104137,SUCCESS,true,DRY_RUN_SIMULATION
2026-08-27T07:02:14Z,547497,1104092,SUCCESS,true,DRY_RUN_SIMULATION
2026-08-27T07:02:14Z,547498,1104093,SUCCESS,true,DRY_RUN_SIMULATION
2026-08-27T07:02:14Z,547499,1104094,SUCCESS,true,DRY_RUN_SIMULATION
2026-08-27T07:02:14Z,547503,1104098,SUCCESS,true,DRY_RUN_SIMULATION
2026-08-27T07:02:14Z,547505,1104100,SUCCESS,true,DRY_RUN_SIMULATION
2026-08-27T07:02:14Z,547501,1104096,SUCCESS,true,DRY_RUN_SIMULATION
2026-08-27T07:02:14Z,547502,1104097,SUCCESS,true,DRY_RUN_SIMULATION
2026-08-27T07:02:14Z,547480,1104102,SUCCESS,true,DRY_RUN_SIMULATION
2026-08-27T07:02:14Z,547506,1104101,SUCCESS,true,DRY_RUN_SIMULATION
2026-08-27T07:02:14Z,547484,1104107,SUCCESS,true,DRY_RUN_SIMULATION
2026-08-27T07:02:14Z,547483,1104105,SUCCESS,true,DRY_RUN_SIMULATION
2026-08-27T07:02:14Z,547485,1104109,SUCCESS,true,DRY_RUN_SIMULATION
2026-08-27T07:02:14Z,547489,1104113,SUCCESS,true,DRY_RUN_SIMULATION
2026-08-27T07:02:14Z,547508,1104115,SUCCESS,true,DRY_RUN_SIMULATION
2026-08-27T07:02:14Z,547487,1104111,SUCCESS,true,DRY_RUN_SIMULATION
2026-08-27T07:02:14Z,547456,1104106,SUCCESS,true,DRY_RUN_SIMULATION
2026-08-27T07:02:14Z,547460,1104293,SUCCESS,true,DRY_RUN_SIMULATION
2026-08-27T07:02:14Z,547488,1104112,SUCCESS,true,DRY_RUN_SIMULATION
2026-08-27T07:02:14Z,547459,1104292,SUCCESS,true,DRY_RUN_SIMULATION
2026-08-27T07:02:14Z,547496,1104091,SUCCESS,true,DRY_RUN_SIMULATION
2026-08-27T07:02:14Z,546998,1104224,SUCCESS,true,DRY_RUN_SIMULATION
2026-08-27T07:02:14Z,547525,1104136,SUCCESS,true,DRY_RUN_SIMULATION
2026-08-27T07:02:14Z,547522,1104133,SUCCESS,true,DRY_RUN_SIMULATION
2026-08-27T07:02:14Z,547524,1104135,SUCCESS,true,DRY_RUN_SIMULATION
2026-08-27T07:02:14Z,547523,1104134,SUCCESS,true,DRY_RUN_SIMULATION
2026-08-27T07:02:14Z,547371,1104236,SUCCESS,true,DRY_RUN_SIMULATION
2026-08-27T07:02:14Z,547490,1104084,SUCCESS,true,DRY_RUN_SIMULATION
2026-08-27T07:02:14Z,547478,1104082,SUCCESS,true,DRY_RUN_SIMULATION
2026-08-27T07:02:14Z,545627,1044045,SKIPPED_NO_RESUME,false,Candidate profile does not contain a valid resume attachment.
2026-08-27T07:02:14Z,545626,1103704,SUCCESS,true,DRY_RUN_SIMULATION
2026-08-27T07:02:14Z,545628,1103536,SUCCESS,true,DRY_RUN_SIMULATION
2026-08-27T07:02:14Z,545631,1103541,SUCCESS,true,DRY_RUN_SIMULATION
2026-08-27T07:02:14Z,545630,1103539,SUCCESS,true,DRY_RUN_SIMULATION
2026-08-27T07:02:14Z,545629,1103537,SUCCESS,true,DRY_RUN_SIMULATION
2026-08-27T07:02:14Z,545632,1103542,SUCCESS,true,DRY_RUN_SIMULATION
2026-08-27T07:02:14Z,545633,1103561,SUCCESS,true,DRY_RUN_SIMULATION
2026-08-27T07:02:14Z,545634,1103562,SUCCESS,true,DRY_RUN_SIMULATION
2026-08-27T07:02:14Z,545636,1103565,SUCCESS,true,DRY_RUN_SIMULATION
2026-08-27T07:02:14Z,545635,1103563,SUCCESS,true,DRY_RUN_SIMULATION
2026-08-27T07:02:14Z,545637,1103567,SUCCESS,true,DRY_RUN_SIMULATION
2026-08-27T07:02:14Z,547138,1104238,SUCCESS,true,DRY_RUN_SIMULATION
2026-08-27T07:02:14Z,545639,1103572,SUCCESS,true,DRY_RUN_SIMULATION
2026-08-27T07:02:14Z,545638,1103568,SUCCESS,true,DRY_RUN_SIMULATION
2026-08-27T07:02:14Z,545640,1103573,SUCCESS,true,DRY_RUN_SIMULATION
2026-08-27T07:02:14Z,545642,1103575,SUCCESS,true,DRY_RUN_SIMULATION
2026-08-27T07:02:14Z,545641,1103574,SUCCESS,true,DRY_RUN_SIMULATION
2026-08-27T07:02:14Z,545644,1103599,SUCCESS,true,DRY_RUN_SIMULATION
2026-08-27T07:02:14Z,545643,1103598,SUCCESS,true,DRY_RUN_SIMULATION
2026-08-27T07:02:14Z,545645,1103606,SUCCESS,true,DRY_RUN_SIMULATION
2026-08-27T07:02:14Z,545646,1103607,SUCCESS,true,DRY_RUN_SIMULATION
2026-08-27T07:02:14Z,545647,1103644,SUCCESS,true,DRY_RUN_SIMULATION
2026-08-27T07:02:14Z,545648,1103645,SUCCESS,true,DRY_RUN_SIMULATION
2026-08-27T07:02:14Z,545650,1103647,SUCCESS,true,DRY_RUN_SIMULATION
2026-08-27T07:02:14Z,545653,1103652,SUCCESS,true,DRY_RUN_SIMULATION
2026-08-27T07:02:14Z,545652,1103651,SUCCESS,true,DRY_RUN_SIMULATION
2026-08-27T07:02:14Z,545651,1103649,SUCCESS,true,DRY_RUN_SIMULATION
2026-08-27T07:02:14Z,545654,1103654,SUCCESS,true,DRY_RUN_SIMULATION
2026-08-27T07:02:14Z,545656,1103659,SUCCESS,true,DRY_RUN_SIMULATION
2026-08-27T07:02:14Z,545655,1103657,SUCCESS,true,DRY_RUN_SIMULATION
2026-08-27T07:02:14Z,545657,1103678,SUCCESS,true,DRY_RUN_SIMULATION
2026-08-27T07:02:14Z,545659,1103699,SUCCESS,true,DRY_RUN_SIMULATION
2026-08-27T07:02:14Z,545660,1103701,SUCCESS,true,DRY_RUN_SIMULATION
2026-08-27T07:02:14Z,545661,1103705,SUCCESS,true,DRY_RUN_SIMULATION
2026-08-27T07:02:14Z,545658,1103679,SUCCESS,true,DRY_RUN_SIMULATION
2026-08-27T07:02:14Z,545665,1103719,SUCCESS,true,DRY_RUN_SIMULATION
2026-08-27T07:02:14Z,545663,1103707,SUCCESS,true,DRY_RUN_SIMULATION
2026-08-27T07:02:14Z,545662,1103706,SUCCESS,true,DRY_RUN_SIMULATION
2026-08-27T07:02:14Z,545664,1103708,SUCCESS,true,DRY_RUN_SIMULATION
2026-08-27T07:02:14Z,545666,1103720,SUCCESS,true,DRY_RUN_SIMULATION
2026-08-27T07:02:14Z,545668,1103723,SUCCESS,true,DRY_RUN_SIMULATION
2026-08-27T07:02:14Z,545669,1103728,SUCCESS,true,DRY_RUN_SIMULATION
2026-08-27T07:02:14Z,545667,1103721,SUCCESS,true,DRY_RUN_SIMULATION
2026-08-27T07:02:14Z,545670,1103737,SUCCESS,true,DRY_RUN_SIMULATION
2026-08-27T07:02:14Z,545671,1103740,SUCCESS,true,DRY_RUN_SIMULATION
2026-08-27T07:02:14Z,545672,1103741,SUCCESS,true,DRY_RUN_SIMULATION
2026-08-27T07:02:14Z,545673,1103742,SUCCESS,true,DRY_RUN_SIMULATION
2026-08-27T07:02:14Z,545674,1103743,SUCCESS,true,DRY_RUN_SIMULATION
2026-08-27T07:02:14Z,545675,1103744,SUCCESS,true,DRY_RUN_SIMULATION
2026-08-27T07:02:14Z,545677,1103748,SUCCESS,true,DRY_RUN_SIMULATION
2026-08-27T07:02:14Z,545676,1103745,SUCCESS,true,DRY_RUN_SIMULATION
2026-08-27T07:02:14Z,545678,1103752,SUCCESS,true,DRY_RUN_SIMULATION
2026-08-27T07:02:14Z,545681,1103755,SUCCESS,true,DRY_RUN_SIMULATION
2026-08-27T07:02:14Z,545679,1103753,SUCCESS,true,DRY_RUN_SIMULATION
2026-08-27T07:02:14Z,545680,1103754,SUCCESS,true,DRY_RUN_SIMULATION
2026-08-27T07:02:14Z,545682,1103756,SUCCESS,true,DRY_RUN_SIMULATION
2026-08-27T07:02:14Z,545685,1103796,SUCCESS,true,DRY_RUN_SIMULATION
2026-08-27T07:02:14Z,545683,1103757,SUCCESS,true,DRY_RUN_SIMULATION
2026-08-27T07:02:14Z,545684,1103758,SUCCESS,true,DRY_RUN_SIMULATION
2026-08-27T07:02:14Z,545687,1103403,SKIPPED_NO_RESUME,false,Candidate profile does not contain a valid resume attachment.
2026-08-27T07:02:14Z,545686,1103797,SUCCESS,true,DRY_RUN_SIMULATION
2026-08-27T07:02:14Z,545688,1103406,SKIPPED_NO_RESUME,false,Candidate profile does not contain a valid resume attachment.
2026-08-27T07:02:14Z,545691,1103409,SKIPPED_NO_RESUME,false,Candidate profile does not contain a valid resume attachment.
2026-08-27T07:02:14Z,545690,1103408,SKIPPED_NO_RESUME,false,Candidate profile does not contain a valid resume attachment.
2026-08-27T07:02:14Z,545689,1103407,SKIPPED_NO_RESUME,false,Candidate profile does not contain a valid resume attachment.
2026-08-27T07:02:14Z,545695,1103418,SKIPPED_NO_RESUME,false,Candidate profile does not contain a valid resume attachment.
2026-08-27T07:02:14Z,545692,1103412,SKIPPED_NO_RESUME,false,Candidate profile does not contain a valid resume attachment.
2026-08-27T07:02:14Z,545694,1103416,SKIPPED_NO_RESUME,false,Candidate profile does not contain a valid resume attachment.
2026-08-27T07:02:14Z,545693,1103413,SKIPPED_NO_RESUME,false,Candidate profile does not contain a valid resume attachment.
2026-08-27T07:02:14Z,545696,1103419,SKIPPED_NO_RESUME,false,Candidate profile does not contain a valid resume attachment.
2026-08-27T07:02:14Z,545697,1103423,SKIPPED_NO_RESUME,false,Candidate profile does not contain a valid resume attachment.
2026-08-27T07:02:14Z,545699,1103426,SKIPPED_NO_RESUME,false,Candidate profile does not contain a valid resume attachment.
2026-08-27T07:02:14Z,545698,1103425,SKIPPED_NO_RESUME,false,Candidate profile does not contain a valid resume attachment.
2026-08-27T07:02:14Z,545700,1103428,SKIPPED_NO_RESUME,false,Candidate profile does not contain a valid resume attachment.
2026-08-27T07:02:14Z,545704,1103435,SKIPPED_NO_RESUME,false,Candidate profile does not contain a valid resume attachment.
2026-08-27T07:02:14Z,545703,1103431,SKIPPED_NO_RESUME,false,Candidate profile does not contain a valid resume attachment.
2026-08-27T07:02:14Z,545702,1103430,SKIPPED_NO_RESUME,false,Candidate profile does not contain a valid resume attachment.
2026-08-27T07:02:14Z,545701,1103429,SKIPPED_NO_RESUME,false,Candidate profile does not contain a valid resume attachment.
2026-08-27T07:02:14Z,545705,1103436,SKIPPED_NO_RESUME,false,Candidate profile does not contain a valid resume attachment.
2026-08-27T07:02:14Z,545707,1103438,SKIPPED_NO_RESUME,false,Candidate profile does not contain a valid resume attachment.
2026-08-27T07:02:14Z,545706,1103437,SKIPPED_NO_RESUME,false,Candidate profile does not contain a valid resume attachment.
2026-08-27T07:02:14Z,545708,1103440,SKIPPED_NO_RESUME,false,Candidate profile does not contain a valid resume attachment.
2026-08-27T07:02:14Z,545709,1103441,SKIPPED_NO_RESUME,false,Candidate profile does not contain a valid resume attachment.
2026-08-27T07:02:14Z,545712,1103447,SKIPPED_NO_RESUME,false,Candidate profile does not contain a valid resume attachment.
2026-08-27T07:02:14Z,545710,1103444,SKIPPED_NO_RESUME,false,Candidate profile does not contain a valid resume attachment.
2026-08-27T07:02:14Z,545711,1103445,SKIPPED_NO_RESUME,false,Candidate profile does not contain a valid resume attachment.
2026-08-27T07:02:14Z,545713,1103449,SKIPPED_NO_RESUME,false,Candidate profile does not contain a valid resume attachment.
2026-08-27T07:02:14Z,545714,1103450,SKIPPED_NO_RESUME,false,Candidate profile does not contain a valid resume attachment.
2026-08-27T07:02:14Z,545717,1103453,SKIPPED_NO_RESUME,false,Candidate profile does not contain a valid resume attachment.
2026-08-27T07:02:14Z,545716,1103452,SKIPPED_NO_RESUME,false,Candidate profile does not contain a valid resume attachment.
2026-08-27T07:02:14Z,545715,1103451,SKIPPED_NO_RESUME,false,Candidate profile does not contain a valid resume attachment.
2026-08-27T07:02:14Z,545720,1103456,SKIPPED_NO_RESUME,false,Candidate profile does not contain a valid resume attachment.
2026-08-27T07:02:14Z,545718,1103454,SKIPPED_NO_RESUME,false,Candidate profile does not contain a valid resume attachment.
2026-08-27T07:02:14Z,545719,1103455,SKIPPED_NO_RESUME,false,Candidate profile does not contain a valid resume attachment.
2026-08-27T07:02:14Z,545721,1103458,SKIPPED_NO_RESUME,false,Candidate profile does not contain a valid resume attachment.
2026-08-27T07:02:14Z,545722,1103460,SKIPPED_NO_RESUME,false,Candidate profile does not contain a valid resume attachment.
2026-08-27T07:02:14Z,547343,1104091,SUCCESS,true,DRY_RUN_SIMULATION
2026-08-27T07:02:14Z,547172,1104258,SUCCESS,true,DRY_RUN_SIMULATION
2026-08-27T07:02:14Z,547163,1104257,SUCCESS,true,DRY_RUN_SIMULATION
2026-08-27T07:02:14Z,547344,1104092,SUCCESS,true,DRY_RUN_SIMULATION
2026-08-27T07:02:14Z,547345,1104093,SUCCESS,true,DRY_RUN_SIMULATION
2026-08-27T07:02:14Z,547574,1104454,SUCCESS,true,DRY_RUN_SIMULATION
2026-08-27T07:02:14Z,547576,1104455,SUCCESS,true,DRY_RUN_SIMULATION
2026-08-27T07:02:14Z,547579,1104459,SUCCESS,true,DRY_RUN_SIMULATION
2026-08-27T07:02:14Z,547572,1104453,SUCCESS,true,DRY_RUN_SIMULATION
2026-08-27T07:02:14Z,547593,1104413,SUCCESS,true,DRY_RUN_SIMULATION
2026-08-27T07:02:14Z,547601,1104505,SUCCESS,true,DRY_RUN_SIMULATION
2026-08-27T07:02:14Z,547599,1104503,SUCCESS,true,DRY_RUN_SIMULATION
2026-08-27T07:02:14Z,547600,1104504,SUCCESS,true,DRY_RUN_SIMULATION
2026-08-27T07:02:14Z,547146,1104243,SUCCESS,true,DRY_RUN_SIMULATION
2026-08-27T07:02:14Z,547150,1104245,SUCCESS,true,DRY_RUN_SIMULATION
2026-08-27T07:02:14Z,547154,1104249,SUCCESS,true,DRY_RUN_SIMULATION
2026-08-27T07:02:14Z,547598,1104502,SUCCESS,true,DRY_RUN_SIMULATION
2026-08-27T07:02:14Z,547595,1104486,SUCCESS,true,DRY_RUN_SIMULATION
2026-08-27T07:02:14Z,547563,1104167,SUCCESS,true,DRY_RUN_SIMULATION
2026-08-27T07:02:14Z,547564,1104292,SUCCESS,true,DRY_RUN_SIMULATION
2026-08-27T07:02:14Z,547565,1104293,SUCCESS,true,DRY_RUN_SIMULATION
2026-08-27T07:02:14Z,547597,1104488,SUCCESS,true,DRY_RUN_SIMULATION
2026-08-27T07:02:14Z,547566,1104168,SUCCESS,true,DRY_RUN_SIMULATION
2026-08-27T07:02:14Z,547567,1104282,SUCCESS,true,DRY_RUN_SIMULATION
2026-08-27T07:02:14Z,547596,1104487,SUCCESS,true,DRY_RUN_SIMULATION
2026-08-27T07:02:14Z,547557,1104432,SUCCESS,true,DRY_RUN_SIMULATION
2026-08-27T07:02:14Z,547570,1104433,SUCCESS,true,DRY_RUN_SIMULATION
2026-08-27T07:02:14Z,547588,1104482,SUCCESS,true,DRY_RUN_SIMULATION
2026-08-27T07:02:14Z,547589,1104479,SUCCESS,true,DRY_RUN_SIMULATION
2026-08-27T07:02:14Z,547590,1104483,SUCCESS,true,DRY_RUN_SIMULATION
2026-08-27T07:02:14Z,547591,1104480,SUCCESS,true,DRY_RUN_SIMULATION
2026-08-27T07:02:14Z,547604,1104484,SUCCESS,true,DRY_RUN_SIMULATION
2026-08-27T07:02:14Z,547605,1104476,SUCCESS,true,DRY_RUN_SIMULATION
2026-08-27T07:02:14Z,547592,1104475,SUCCESS,true,DRY_RUN_SIMULATION
2026-08-27T07:02:14Z,547347,1104268,SUCCESS,true,DRY_RUN_SIMULATION
2026-08-27T07:02:14Z,545519,1103879,SUCCESS,true,DRY_RUN_SIMULATION
2026-08-27T07:02:14Z,547606,1104477,SUCCESS,true,DRY_RUN_SIMULATION
2026-08-27T07:02:14Z,547350,1104234,SUCCESS,true,DRY_RUN_SIMULATION
2026-08-27T07:02:14Z,547351,1104241,SUCCESS,true,DRY_RUN_SIMULATION
2026-08-27T07:02:14Z,547352,1104191,SUCCESS,true,DRY_RUN_SIMULATION
2026-08-27T07:02:14Z,547353,1104242,SUCCESS,true,DRY_RUN_SIMULATION
2026-08-27T07:02:14Z,547354,1104246,SUCCESS,true,DRY_RUN_SIMULATION
2026-08-27T07:02:14Z,547556,1104431,SUCCESS,true,DRY_RUN_SIMULATION
2026-08-27T07:02:14Z,547436,1104277,SUCCESS,true,DRY_RUN_SIMULATION
2026-08-27T07:02:14Z,547348,1104276,SUCCESS,true,DRY_RUN_SIMULATION
2026-08-27T07:02:14Z,546714,1104078,SUCCESS,true,DRY_RUN_SIMULATION
2026-08-27T07:02:14Z,546715,1104079,SUCCESS,true,DRY_RUN_SIMULATION
2026-08-27T07:02:14Z,546716,1104080,SUCCESS,true,DRY_RUN_SIMULATION
2026-08-27T07:02:14Z,546717,1104081,SUCCESS,true,DRY_RUN_SIMULATION
2026-08-27T07:02:14Z,546718,1104082,SUCCESS,true,DRY_RUN_SIMULATION
2026-08-27T07:02:14Z,546719,1104083,SUCCESS,true,DRY_RUN_SIMULATION
2026-08-27T07:02:14Z,546720,1104084,SUCCESS,true,DRY_RUN_SIMULATION
2026-08-27T07:02:14Z,546721,1104085,SUCCESS,true,DRY_RUN_SIMULATION
2026-08-27T07:02:14Z,547437,1104410,SUCCESS,true,DRY_RUN_SIMULATION
2026-08-27T07:02:14Z,545724,1103905,SUCCESS,true,DRY_RUN_SIMULATION
2026-08-27T07:02:14Z,546722,1104086,SUCCESS,true,DRY_RUN_SIMULATION
2026-08-27T07:02:14Z,546723,1104087,SUCCESS,true,DRY_RUN_SIMULATION
2026-08-27T07:02:14Z,546724,1104088,SUCCESS,true,DRY_RUN_SIMULATION
2026-08-27T07:02:14Z,546725,1104089,SUCCESS,true,DRY_RUN_SIMULATION
2026-08-27T07:02:14Z,546726,1104090,SUCCESS,true,DRY_RUN_SIMULATION
2026-08-27T07:02:14Z,546727,1104091,SUCCESS,true,DRY_RUN_SIMULATION
2026-08-27T07:02:14Z,547451,1104423,SUCCESS,true,DRY_RUN_SIMULATION
2026-08-27T07:02:14Z,546728,1104092,SUCCESS,true,DRY_RUN_SIMULATION
2026-08-27T07:02:14Z,546729,1104093,SUCCESS,true,DRY_RUN_SIMULATION
2026-08-27T07:02:14Z,546730,1104094,SUCCESS,true,DRY_RUN_SIMULATION
2026-08-27T07:02:14Z,546731,1104095,SUCCESS,true,DRY_RUN_SIMULATION
2026-08-27T07:02:14Z,546732,1104096,SUCCESS,true,DRY_RUN_SIMULATION
2026-08-27T07:02:14Z,546733,1104097,SUCCESS,true,DRY_RUN_SIMULATION
2026-08-27T07:02:14Z,546735,1104099,SUCCESS,true,DRY_RUN_SIMULATION
2026-08-27T07:02:14Z,546734,1104098,SUCCESS,true,DRY_RUN_SIMULATION
2026-08-27T07:02:14Z,546736,1104100,SUCCESS,true,DRY_RUN_SIMULATION
2026-08-27T07:02:14Z,546737,1104101,SUCCESS,true,DRY_RUN_SIMULATION
2026-08-27T07:02:14Z,546738,1104102,SUCCESS,true,DRY_RUN_SIMULATION
2026-08-27T07:02:14Z,546739,1104103,SUCCESS,true,DRY_RUN_SIMULATION
2026-08-27T07:02:14Z,546740,1104104,SUCCESS,true,DRY_RUN_SIMULATION
2026-08-27T07:02:14Z,546741,1104105,SUCCESS,true,DRY_RUN_SIMULATION
2026-08-27T07:02:14Z,546742,1104106,SUCCESS,true,DRY_RUN_SIMULATION
2026-08-27T07:02:14Z,546743,1104107,SUCCESS,true,DRY_RUN_SIMULATION
2026-08-27T07:02:14Z,546744,1104108,SUCCESS,true,DRY_RUN_SIMULATION
2026-08-27T07:02:14Z,546745,1104109,SUCCESS,true,DRY_RUN_SIMULATION
2026-08-27T07:02:14Z,546746,1104110,SUCCESS,true,DRY_RUN_SIMULATION
2026-08-27T07:02:14Z,546747,1104111,SUCCESS,true,DRY_RUN_SIMULATION
2026-08-27T07:02:14Z,546748,1104112,SUCCESS,true,DRY_RUN_SIMULATION
2026-08-27T07:02:14Z,546749,1104113,SUCCESS,true,DRY_RUN_SIMULATION
2026-08-27T07:02:14Z,546751,1104115,SUCCESS,true,DRY_RUN_SIMULATION
2026-08-27T07:02:14Z,546750,1104114,SUCCESS,true,DRY_RUN_SIMULATION
2026-08-27T07:02:14Z,546752,1104116,SUCCESS,true,DRY_RUN_SIMULATION
2026-08-27T07:02:14Z,546753,1104118,SUCCESS,true,DRY_RUN_SIMULATION
2026-08-27T07:02:14Z,546763,1104128,SUCCESS,true,DRY_RUN_SIMULATION
2026-08-27T07:02:14Z,546761,1104126,SUCCESS,true,DRY_RUN_SIMULATION
2026-08-27T07:02:14Z,546764,1104129,SUCCESS,true,DRY_RUN_SIMULATION
2026-08-27T07:02:14Z,546767,1104132,SUCCESS,true,DRY_RUN_SIMULATION
2026-08-27T07:02:14Z,546768,1104133,SUCCESS,true,DRY_RUN_SIMULATION
2026-08-27T07:02:14Z,546770,1104135,SUCCESS,true,DRY_RUN_SIMULATION
2026-08-27T07:02:14Z,546772,1104137,SUCCESS,true,DRY_RUN_SIMULATION
2026-08-27T07:02:14Z,546775,1104140,SUCCESS,true,DRY_RUN_SIMULATION
2026-08-27T07:02:14Z,546776,1104141,SUCCESS,true,DRY_RUN_SIMULATION
2026-08-27T07:02:14Z,546778,1104143,SUCCESS,true,DRY_RUN_SIMULATION
2026-08-27T07:02:14Z,546781,1104146,SUCCESS,true,DRY_RUN_SIMULATION
2026-08-27T07:02:14Z,546782,1104147,SUCCESS,true,DRY_RUN_SIMULATION
2026-08-27T07:02:14Z,546783,1104148,SUCCESS,true,DRY_RUN_SIMULATION
2026-08-27T07:02:14Z,546784,1104149,SUCCESS,true,DRY_RUN_SIMULATION
2026-08-27T07:02:14Z,546787,1104152,SUCCESS,true,DRY_RUN_SIMULATION
2026-08-27T07:02:14Z,546785,1104150,SUCCESS,true,DRY_RUN_SIMULATION
2026-08-27T07:02:14Z,546790,1104155,SUCCESS,true,DRY_RUN_SIMULATION
2026-08-27T07:02:14Z,546791,1104156,SUCCESS,true,DRY_RUN_SIMULATION
2026-08-27T07:02:14Z,546792,1104157,SUCCESS,true,DRY_RUN_SIMULATION
2026-08-27T07:02:14Z,546793,1104158,SUCCESS,true,DRY_RUN_SIMULATION
2026-08-27T07:02:14Z,546797,1104162,SUCCESS,true,DRY_RUN_SIMULATION
2026-08-27T07:02:14Z,546801,1104166,SUCCESS,true,DRY_RUN_SIMULATION
2026-08-27T07:02:14Z,547602,1104478,SUCCESS,true,DRY_RUN_SIMULATION
2026-08-27T07:02:14Z,547609,1104509,SUCCESS,true,DRY_RUN_SIMULATION
2026-08-27T07:02:14Z,547610,1104510,SUCCESS,true,DRY_RUN_SIMULATION
2026-08-27T07:02:14Z,547405,1104334,SUCCESS,true,DRY_RUN_SIMULATION
2026-08-27T07:02:14Z,545452,1103875,SUCCESS,true,DRY_RUN_SIMULATION
2026-08-27T07:02:14Z,545898,1104018,SUCCESS,true,DRY_RUN_SIMULATION
2026-08-27T07:02:14Z,547603,1104481,SUCCESS,true,DRY_RUN_SIMULATION
2026-08-27T07:02:14Z,547608,1104508,SUCCESS,true,DRY_RUN_SIMULATION
2026-08-27T07:02:14Z,545899,1104009,SUCCESS,true,DRY_RUN_SIMULATION
2026-08-27T07:02:14Z,545900,1104051,SUCCESS,true,DRY_RUN_SIMULATION
2026-08-27T07:02:14Z,545901,1104022,SUCCESS,true,DRY_RUN_SIMULATION
2026-08-27T07:02:14Z,545902,1104033,SUCCESS,true,DRY_RUN_SIMULATION
2026-08-27T07:02:14Z,545903,1104013,SUCCESS,true,DRY_RUN_SIMULATION
2026-08-27T07:02:14Z,545904,1104040,SUCCESS,true,DRY_RUN_SIMULATION
2026-08-27T07:02:14Z,545905,1104059,SUCCESS,true,DRY_RUN_SIMULATION
2026-08-27T07:02:14Z,545906,1104052,SUCCESS,true,DRY_RUN_SIMULATION
2026-08-27T07:02:14Z,545453,1103876,SUCCESS,true,DRY_RUN_SIMULATION
2026-08-27T07:02:14Z,545907,1104043,SUCCESS,true,DRY_RUN_SIMULATION
2026-08-27T07:02:14Z,545908,1104016,SUCCESS,true,DRY_RUN_SIMULATION
2026-08-27T07:02:14Z,545909,1104053,SUCCESS,true,DRY_RUN_SIMULATION
2026-08-27T07:02:14Z,545910,1104058,SUCCESS,true,DRY_RUN_SIMULATION
2026-08-27T07:02:14Z,545911,1104008,SUCCESS,true,DRY_RUN_SIMULATION
2026-08-27T07:02:14Z,545912,1104027,SUCCESS,true,DRY_RUN_SIMULATION
2026-08-27T07:02:14Z,545913,1104041,SUCCESS,true,DRY_RUN_SIMULATION
2026-08-27T07:02:14Z,545914,1104056,SUCCESS,true,DRY_RUN_SIMULATION
2026-08-27T07:02:14Z,545915,1103993,SUCCESS,true,DRY_RUN_SIMULATION
2026-08-27T07:02:14Z,545916,1103987,SUCCESS,true,DRY_RUN_SIMULATION
2026-08-27T07:02:14Z,545917,1104054,SUCCESS,true,DRY_RUN_SIMULATION
2026-08-27T07:02:14Z,545918,1104037,SUCCESS,true,DRY_RUN_SIMULATION
2026-08-27T07:02:14Z,545919,1103988,SUCCESS,true,DRY_RUN_SIMULATION
2026-08-27T07:02:14Z,545920,1103990,SUCCESS,true,DRY_RUN_SIMULATION
2026-08-27T07:02:14Z,545921,1104049,SUCCESS,true,DRY_RUN_SIMULATION
2026-08-27T07:02:14Z,545923,1104036,SUCCESS,true,DRY_RUN_SIMULATION
2026-08-27T07:02:14Z,545922,1104019,SUCCESS,true,DRY_RUN_SIMULATION
2026-08-27T07:02:14Z,545924,1104047,SUCCESS,true,DRY_RUN_SIMULATION
2026-08-27T07:02:14Z,545925,1103982,SUCCESS,true,DRY_RUN_SIMULATION
2026-08-27T07:02:14Z,545926,1104010,SUCCESS,true,DRY_RUN_SIMULATION
2026-08-27T07:02:14Z,545927,1104038,SUCCESS,true,DRY_RUN_SIMULATION
2026-08-27T07:02:14Z,545928,1104050,SUCCESS,true,DRY_RUN_SIMULATION
2026-08-27T07:02:14Z,545929,1103991,SUCCESS,true,DRY_RUN_SIMULATION
2026-08-27T07:02:14Z,545931,1104029,SUCCESS,true,DRY_RUN_SIMULATION
2026-08-27T07:02:14Z,545930,1104020,SUCCESS,true,DRY_RUN_SIMULATION
2026-08-27T07:02:14Z,545932,1104055,SUCCESS,true,DRY_RUN_SIMULATION
2026-08-27T07:02:14Z,545933,1104000,SUCCESS,true,DRY_RUN_SIMULATION
2026-08-27T07:02:14Z,545935,1104032,SUCCESS,true,DRY_RUN_SIMULATION
2026-08-27T07:02:14Z,545934,1103980,SUCCESS,true,DRY_RUN_SIMULATION
2026-08-27T07:02:14Z,545936,1103986,SUCCESS,true,DRY_RUN_SIMULATION
2026-08-27T07:02:14Z,545937,1104025,SUCCESS,true,DRY_RUN_SIMULATION
2026-08-27T07:02:14Z,545938,1103981,SUCCESS,true,DRY_RUN_SIMULATION
2026-08-27T07:02:14Z,545939,1104012,SUCCESS,true,DRY_RUN_SIMULATION
2026-08-27T07:02:14Z,545940,1104015,SUCCESS,true,DRY_RUN_SIMULATION
2026-08-27T07:02:14Z,545941,1104060,SUCCESS,true,DRY_RUN_SIMULATION
2026-08-27T07:02:14Z,545942,1103983,SUCCESS,true,DRY_RUN_SIMULATION
2026-08-27T07:02:14Z,545943,1104005,SUCCESS,true,DRY_RUN_SIMULATION
2026-08-27T07:02:14Z,545944,1103989,SUCCESS,true,DRY_RUN_SIMULATION
2026-08-27T07:02:14Z,545945,1103994,SUCCESS,true,DRY_RUN_SIMULATION
2026-08-27T07:02:14Z,545947,1103985,SUCCESS,true,DRY_RUN_SIMULATION
2026-08-27T07:02:14Z,545946,1103992,SUCCESS,true,DRY_RUN_SIMULATION
2026-08-27T07:02:14Z,545948,1104026,SUCCESS,true,DRY_RUN_SIMULATION
2026-08-27T07:02:14Z,545949,1103997,SUCCESS,true,DRY_RUN_SIMULATION
2026-08-27T07:02:14Z,545950,1103999,SUCCESS,true,DRY_RUN_SIMULATION
2026-08-27T07:02:14Z,545951,1104003,SUCCESS,true,DRY_RUN_SIMULATION
2026-08-27T07:02:14Z,545952,1104035,SUCCESS,true,DRY_RUN_SIMULATION
2026-08-27T07:02:14Z,545953,1103978,SUCCESS,true,DRY_RUN_SIMULATION
2026-08-27T07:02:14Z,545954,1104046,SUCCESS,true,DRY_RUN_SIMULATION
2026-08-27T07:02:14Z,545955,1103979,SUCCESS,true,DRY_RUN_SIMULATION
2026-08-27T07:02:14Z,545956,1104017,SUCCESS,true,DRY_RUN_SIMULATION
2026-08-27T07:02:14Z,545957,1104014,SUCCESS,true,DRY_RUN_SIMULATION
2026-08-27T07:02:14Z,545959,1104034,SUCCESS,true,DRY_RUN_SIMULATION
2026-08-27T07:02:14Z,545958,1104030,SUCCESS,true,DRY_RUN_SIMULATION
2026-08-27T07:02:14Z,545960,1104039,SUCCESS,true,DRY_RUN_SIMULATION
2026-08-27T07:02:14Z,545962,1104001,SUCCESS,true,DRY_RUN_SIMULATION
2026-08-27T07:02:14Z,545961,1103977,SUCCESS,true,DRY_RUN_SIMULATION
2026-08-27T07:02:14Z,545963,1104021,SUCCESS,true,DRY_RUN_SIMULATION
2026-08-27T07:02:14Z,545964,1104042,SUCCESS,true,DRY_RUN_SIMULATION
2026-08-27T07:02:14Z,545965,1103995,SUCCESS,true,DRY_RUN_SIMULATION
2026-08-27T07:02:14Z,545966,1104002,SUCCESS,true,DRY_RUN_SIMULATION
2026-08-27T07:02:14Z,545967,1104023,SUCCESS,true,DRY_RUN_SIMULATION
2026-08-27T07:02:14Z,545968,1104062,SUCCESS,true,DRY_RUN_SIMULATION
2026-08-27T07:02:14Z,545970,1103984,SUCCESS,true,DRY_RUN_SIMULATION
2026-08-27T07:02:14Z,545969,1104011,SUCCESS,true,DRY_RUN_SIMULATION
2026-08-27T07:02:14Z,545971,1103998,SUCCESS,true,DRY_RUN_SIMULATION
2026-08-27T07:02:14Z,545972,1103996,SUCCESS,true,DRY_RUN_SIMULATION
2026-08-27T07:02:14Z,545974,1104045,SUCCESS,true,DRY_RUN_SIMULATION
2026-08-27T07:02:14Z,545973,1104044,SUCCESS,true,DRY_RUN_SIMULATION
2026-08-27T07:02:14Z,545975,1104024,SUCCESS,true,DRY_RUN_SIMULATION
2026-08-27T07:02:14Z,545976,1104031,SUCCESS,true,DRY_RUN_SIMULATION
2026-08-27T07:02:14Z,545978,1104007,SUCCESS,true,DRY_RUN_SIMULATION
2026-08-27T07:02:14Z,545977,1104028,SUCCESS,true,DRY_RUN_SIMULATION
2026-08-27T07:02:14Z,545979,1104006,SUCCESS,true,DRY_RUN_SIMULATION
2026-08-27T07:02:14Z,545980,1104004,SUCCESS,true,DRY_RUN_SIMULATION
2026-08-27T07:02:14Z,545981,1104048,SUCCESS,true,DRY_RUN_SIMULATION
2026-08-27T07:02:14Z,545983,1104061,SUCCESS,true,DRY_RUN_SIMULATION
2026-08-27T07:02:14Z,545982,1104057,SUCCESS,true,DRY_RUN_SIMULATION
2026-08-27T07:02:14Z,547385,1104236,SUCCESS,true,DRY_RUN_SIMULATION
2026-08-27T07:02:14Z,547468,1104279,SUCCESS,true,DRY_RUN_SIMULATION
2026-08-27T07:02:14Z,545615,1103894,SUCCESS,true,DRY_RUN_SIMULATION
2026-08-27T07:02:14Z,547397,1104322,SUCCESS,true,DRY_RUN_SIMULATION
2026-08-27T07:02:14Z,547398,1104322,SUCCESS,true,DRY_RUN_SIMULATION
2026-08-27T07:02:14Z,547159,1104234,SUCCESS,true,DRY_RUN_SIMULATION
2026-08-27T07:02:14Z,547424,1104381,SUCCESS,true,DRY_RUN_SIMULATION
2026-08-27T07:02:14Z,547160,1104241,SUCCESS,true,DRY_RUN_SIMULATION
2026-08-27T07:02:14Z,547161,1104242,SUCCESS,true,DRY_RUN_SIMULATION
2026-08-27T07:02:14Z,547162,1104246,SUCCESS,true,DRY_RUN_SIMULATION
2026-08-27T07:02:14Z,547426,1104405,SUCCESS,true,DRY_RUN_SIMULATION
2026-08-27T07:02:14Z,547429,1104406,SUCCESS,true,DRY_RUN_SIMULATION
2026-08-27T07:02:14Z,545521,1103458,SKIPPED_NO_RESUME,false,Candidate profile does not contain a valid resume attachment.
2026-08-27T07:02:14Z,545523,1103536,SUCCESS,true,DRY_RUN_SIMULATION
2026-08-27T07:02:14Z,545524,1103501,SKIPPED_NO_RESUME,false,Candidate profile does not contain a valid resume attachment.
2026-08-27T07:02:14Z,545525,1103412,SKIPPED_NO_RESUME,false,Candidate profile does not contain a valid resume attachment.
2026-08-27T07:02:14Z,545447,1103866,SUCCESS,true,DRY_RUN_SIMULATION
2026-08-27T07:02:14Z,547418,1104400,SUCCESS,true,DRY_RUN_SIMULATION
2026-08-27T07:02:14Z,545528,1103441,SKIPPED_NO_RESUME,false,Candidate profile does not contain a valid resume attachment.
2026-08-27T07:02:14Z,545522,1103485,SKIPPED_NO_RESUME,false,Candidate profile does not contain a valid resume attachment.
2026-08-27T07:02:14Z,545530,1103438,SKIPPED_NO_RESUME,false,Candidate profile does not contain a valid resume attachment.
2026-08-27T07:02:14Z,545527,1103488,SKIPPED_NO_RESUME,false,Candidate profile does not contain a valid resume attachment.
2026-08-27T07:02:14Z,545526,1103471,SKIPPED_NO_RESUME,false,Candidate profile does not contain a valid resume attachment.
2026-08-27T07:02:14Z,545529,1103487,SKIPPED_NO_RESUME,false,Candidate profile does not contain a valid resume attachment.
2026-08-27T07:02:14Z,545533,1103537,SUCCESS,true,DRY_RUN_SIMULATION
2026-08-27T07:02:14Z,545534,1103449,SKIPPED_NO_RESUME,false,Candidate profile does not contain a valid resume attachment.
2026-08-27T07:02:14Z,545535,1103400,SKIPPED_NO_RESUME,false,Candidate profile does not contain a valid resume attachment.
2026-08-27T07:02:14Z,545536,1103408,SKIPPED_NO_RESUME,false,Candidate profile does not contain a valid resume attachment.
2026-08-27T07:02:14Z,545537,1103416,SKIPPED_NO_RESUME,false,Candidate profile does not contain a valid resume attachment.
2026-08-27T07:02:14Z,545531,1103463,SKIPPED_NO_RESUME,false,Candidate profile does not contain a valid resume attachment.
2026-08-27T07:02:14Z,545541,1103406,SKIPPED_NO_RESUME,false,Candidate profile does not contain a valid resume attachment.
2026-08-27T07:02:14Z,545532,1103462,SKIPPED_NO_RESUME,false,Candidate profile does not contain a valid resume attachment.
2026-08-27T07:02:14Z,545542,1103425,SKIPPED_NO_RESUME,false,Candidate profile does not contain a valid resume attachment.
2026-08-27T07:02:14Z,545544,1103437,SKIPPED_NO_RESUME,false,Candidate profile does not contain a valid resume attachment.
2026-08-27T07:02:14Z,545545,1103453,SKIPPED_NO_RESUME,false,Candidate profile does not contain a valid resume attachment.
2026-08-27T07:02:14Z,545546,1103403,SKIPPED_NO_RESUME,false,Candidate profile does not contain a valid resume attachment.
2026-08-27T07:02:14Z,545547,1103469,SKIPPED_NO_RESUME,false,Candidate profile does not contain a valid resume attachment.
2026-08-27T07:02:14Z,545538,1103483,SKIPPED_NO_RESUME,false,Candidate profile does not contain a valid resume attachment.
2026-08-27T07:02:14Z,545548,1103460,SKIPPED_NO_RESUME,false,Candidate profile does not contain a valid resume attachment.
2026-08-27T07:02:14Z,545549,1103394,SKIPPED_NO_RESUME,false,Candidate profile does not contain a valid resume attachment.
2026-08-27T07:02:14Z,545539,1103465,SKIPPED_NO_RESUME,false,Candidate profile does not contain a valid resume attachment.
2026-08-27T07:02:14Z,545550,1103431,SKIPPED_NO_RESUME,false,Candidate profile does not contain a valid resume attachment.
2026-08-27T07:02:14Z,545551,1103413,SKIPPED_NO_RESUME,false,Candidate profile does not contain a valid resume attachment.
2026-08-27T07:02:14Z,545552,1103435,SKIPPED_NO_RESUME,false,Candidate profile does not contain a valid resume attachment.
2026-08-27T07:02:14Z,545553,1103542,SUCCESS,true,DRY_RUN_SIMULATION
2026-08-27T07:02:14Z,545554,1103426,SKIPPED_NO_RESUME,false,Candidate profile does not contain a valid resume attachment.
2026-08-27T07:02:14Z,545555,1103409,SKIPPED_NO_RESUME,false,Candidate profile does not contain a valid resume attachment.
2026-08-27T07:02:14Z,545556,1103541,SUCCESS,true,DRY_RUN_SIMULATION
2026-08-27T07:02:14Z,545557,1103450,SKIPPED_NO_RESUME,false,Candidate profile does not contain a valid resume attachment.
2026-08-27T07:02:14Z,545559,1103491,SKIPPED_NO_RESUME,false,Candidate profile does not contain a valid resume attachment.
2026-08-27T07:02:14Z,545558,1103493,SKIPPED_NO_RESUME,false,Candidate profile does not contain a valid resume attachment.
2026-08-27T07:02:14Z,545562,1103475,SKIPPED_NO_RESUME,false,Candidate profile does not contain a valid resume attachment.
2026-08-27T07:02:14Z,545561,1103470,SKIPPED_NO_RESUME,false,Candidate profile does not contain a valid resume attachment.
2026-08-27T07:02:14Z,545560,1103496,SKIPPED_NO_RESUME,false,Candidate profile does not contain a valid resume attachment.
2026-08-27T07:02:14Z,545563,1103428,SKIPPED_NO_RESUME,false,Candidate profile does not contain a valid resume attachment.
2026-08-27T07:02:14Z,545564,1103451,SKIPPED_NO_RESUME,false,Candidate profile does not contain a valid resume attachment.
2026-08-27T07:02:14Z,545566,1103456,SKIPPED_NO_RESUME,false,Candidate profile does not contain a valid resume attachment.
2026-08-27T07:02:14Z,545565,1103444,SKIPPED_NO_RESUME,false,Candidate profile does not contain a valid resume attachment.
